UnixTime,Exchange
1549899737,3198.43
1549899737,3198.43
1549899736,3198.43
1549899735,3198.43
1549899735,3198.41
1549899734,3198.41
1549899677,3198.17
1549899677,3198.17
1549899676,3198.22
1549899671,3198.35
1549899645,3192.41
1549899635,3198.5
1549899609,3195.66
1549899604,3195.21
1549899603,3193.56
1549899603,3193.56
1549899602,3193.56
1549899594,3189.41
1549899560,3192.09
1549899554,3188.23
1549899524,3191.9
1549899516,3191.65
1549899485,3192.06
1549899470,3187.33
1549899436,3191.85
1549899436,3191.85
1549899429,3191.55
1549899426,3196.71
1549899426,3195.68
1549899426,3193.3
1549899426,3193.3
1549899424,3191.34
1549899418,3190.66
1549899388,3193.3
1549899387,3191.83
1549899387,3191.83
1549899375,3190.41
1549899374,3190.41
1549899369,3191.5
1549899357,3191.08
1549899357,3191.08
1549899355,3190.98
1549899355,3190.98
1549899355,3190.98
1549899354,3190.98
1549899354,3191.1
1549899343,3191.65
1549899341,3191.66
1549899339,3191.66
1549899310,3190.39
1549899270,3192.29
1549899255,3192.77
1549899250,3191.97
1549899234,3190.82
1549899216,3186.78
1549899216,3193.4
1549899216,3188.01
1549899208,3188.01
1549899202,3188.01
1549899200,3187.17
1549899200,3187.17
1549899186,3187.65
1549899174,3188.59
1549899161,3188.05
1549899142,3185.88
1549899142,3186.6
1549899138,3188.97
1549899137,3189.02
1549899136,3189.02
1549899136,3188.93
1549899134,3186.63
1549899130,3188.93
1549899128,3189.02
1549899126,3188.98
1549899123,3183.07
1549899118,3188.98
1549899117,3190.89
1549899116,3183.88
1549899116,3183.86
1549899113,3183.88
1549899112,3183.06
1549899109,3184.66
1549899104,3180.71
1549899104,3181.0
1549899103,3182.28
1549899102,3184.46
1549899102,3184.62
1549899101,3184.65
1549899096,3185.84
1549899092,3192.85
1549899092,3191.31
1549899091,3191.11
1549899091,3189.29
1549899090,3187.68
1549899090,3187.67
1549899090,3185.9
1549899090,3185.9
1549899088,3185.9
1549899088,3185.85
1549899084,3184.63
1549899082,3184.64
1549899079,3185.31
1549899077,3185.3
1549899074,3186.52
1549899072,3186.53
1549899070,3186.53
1549899070,3186.53
1549899064,3188.0
1549899063,3188.01
1549899062,3188.01
1549899061,3188.0
1549899061,3188.01
1549899060,3188.01
1549899059,3188.01
1549899059,3188.01
1549899058,3188.01
1549899058,3188.01
1549899057,3188.01
1549899056,3188.01
1549899048,3188.01
1549899048,3188.01
1549899030,3188.01
1549899027,3188.0
1549899023,3188.0
1549899022,3188.0
1549899012,3188.01
1549899011,3188.01
1549899008,3188.01
1549898990,3188.01
1549898985,3188.01
1549898983,3188.01
1549898982,3188.01
1549898977,3188.01
1549898977,3188.01
1549898959,3190.0
1549898958,3190.0
1549898958,3190.0
1549898958,3190.0
1549898957,3190.0
1549898957,3190.0
1549898956,3190.0
1549898956,3191.35
1549898956,3191.35
1549898954,3191.35
1549898953,3191.35
1549898951,3191.35
1549898950,3191.35
1549898950,3191.36
1549898949,3191.35
1549898949,3191.36
1549898949,3191.35
1549898948,3191.35
1549898946,3191.35
1549898937,3191.36
1549898914,3191.36
1549898911,3191.36
1549898907,3191.36
1549898905,3191.35
1549898903,3191.35
1549898895,3191.36
1549898895,3191.36
1549898871,3191.35
1549898871,3191.36
1549898867,3191.35
1549898862,3191.35
1549898830,3191.36
1549898829,3191.36
1549898813,3191.81
1549898805,3191.33
1549898800,3190.0
1549898797,3191.46
1549898773,3192.0
1549898717,3192.17
1549898717,3192.17
1549898716,3192.17
1549898711,3192.22
1549898695,3192.15
1549898647,3190.67
1549898632,3190.11
1549898630,3190.01
1549898630,3190.01
1549898621,3190.01
1549898621,3190.01
1549898618,3190.01
1549898617,3190.01
1549898580,3190.01
1549898562,3190.01
1549898562,3190.01
1549898561,3190.01
1549898559,3190.55
1549898557,3190.01
1549898555,3195.94
1549898555,3195.1
1549898555,3195.0
1549898555,3195.0
1549898555,3193.89
1549898555,3192.29
1549898553,3190.01
1549898535,3190.01
1549898534,3190.01
1549898515,3190.01
1549898513,3190.0
1549898507,3190.01
1549898503,3190.01
1549898495,3190.01
1549898492,3190.0
1549898492,3190.45
1549898488,3190.46
1549898487,3190.46
1549898485,3190.45
1549898477,3190.46
1549898470,3190.46
1549898469,3190.46
1549898468,3190.46
1549898456,3190.46
1549898456,3190.46
1549898447,3190.46
1549898438,3190.46
1549898430,3190.46
1549898428,3190.46
1549898413,3190.46
1549898411,3190.46
1549898410,3190.45
1549898409,3190.46
1549898407,3190.46
1549898404,3194.08
1549898403,3190.46
1549898403,3190.46
1549898402,3190.46
1549898401,3190.46
1549898396,3190.46
1549898395,3190.46
1549898387,3190.46
1549898385,3194.67
1549898385,3194.66
1549898385,3194.09
1549898385,3192.29
1549898385,3190.69
1549898385,3190.46
1549898385,3190.46
1549898385,3190.46
1549898384,3190.46
1549898382,3190.46
1549898376,3190.46
1549898368,3190.46
1549898368,3190.46
1549898368,3190.46
1549898368,3190.46
1549898367,3190.46
1549898367,3190.46
1549898365,3190.46
1549898359,3190.46
1549898354,3190.46
1549898348,3190.46
1549898347,3190.46
1549898335,3190.46
1549898333,3190.45
1549898332,3190.47
1549898327,3190.48
1549898317,3190.48
1549898310,3190.48
1549898307,3190.48
1549898304,3190.48
1549898296,3190.48
1549898278,3190.48
1549898271,3190.48
1549898257,3190.48
1549898249,3190.48
1549898152,3190.48
1549898115,3190.78
1549898113,3190.53
1549898098,3190.46
1549898096,3190.47
1549898080,3191.29
1549898062,3190.64
1549898058,3190.72
1549898056,3190.52
1549898056,3190.52
1549898054,3190.52
1549898053,3190.6
1549898053,3190.6
1549898053,3190.6
1549898052,3190.6
1549898043,3190.74
1549898021,3190.77
1549898014,3190.4
1549898005,3190.66
1549897991,3197.03
1549897979,3192.19
1549897954,3191.77
1549897935,3191.99
1549897931,3197.06
1549897930,3192.12
1549897928,3190.47
1549897916,3191.85
1549897893,3191.44
1549897874,3193.08
1549897870,3197.04
1549897862,3192.56
1549897843,3192.2
1549897819,3191.71
1549897811,3191.69
1549897805,3195.39
1549897805,3191.44
1549897804,3191.43
1549897803,3191.11
1549897793,3192.0
1549897780,3191.57
1549897766,3195.35
1549897759,3190.0
1549897758,3190.32
1549897758,3190.68
1549897757,3191.42
1549897756,3191.43
1549897755,3191.43
1549897750,3191.43
1549897744,3191.43
1549897733,3191.43
1549897733,3191.43
1549897732,3191.43
1549897732,3191.43
1549897731,3193.88
1549897731,3191.43
1549897730,3191.43
1549897717,3191.43
1549897697,3191.42
1549897697,3191.42
1549897697,3191.42
1549897697,3191.47
1549897695,3193.0
1549897690,3193.01
1549897689,3193.01
1549897654,3193.01
1549897653,3193.01
1549897629,3193.01
1549897605,3193.01
1549897587,3193.01
1549897576,3193.01
1549897576,3193.01
1549897572,3193.01
1549897571,3193.01
1549897569,3193.01
1549897567,3193.01
1549897566,3193.01
1549897547,3193.0
1549897520,3194.93
1549897517,3194.93
1549897504,3194.39
1549897502,3193.98
1549897477,3194.39
1549897473,3194.12
1549897473,3194.12
1549897470,3194.01
1549897470,3194.01
1549897467,3194.62
1549897461,3194.35
1549897460,3194.35
1549897455,3194.75
1549897453,3194.29
1549897437,3192.48
1549897437,3192.48
1549897435,3193.27
1549897430,3194.68
1549897422,3195.69
1549897422,3195.69
1549897421,3195.69
1549897421,3195.69
1549897421,3195.69
1549897420,3195.99
1549897420,3195.53
1549897419,3195.53
1549897419,3195.53
1549897418,3196.12
1549897418,3195.85
1549897417,3195.85
1549897416,3195.85
1549897403,3201.0
1549897403,3200.3
1549897397,3200.39
1549897396,3200.41
1549897396,3200.41
1549897368,3201.29
1549897364,3195.69
1549897364,3195.69
1549897364,3195.71
1549897364,3200.8
1549897346,3200.9
1549897312,3201.7
1549897249,3203.53
1549897238,3205.01
1549897238,3205.01
1549897238,3204.45
1549897238,3204.38
1549897238,3203.74
1549897238,3203.74
1549897238,3203.74
1549897237,3201.95
1549897237,3201.58
1549897237,3201.58
1549897237,3201.58
1549897237,3201.58
1549897235,3201.61
1549897235,3201.59
1549897235,3201.59
1549897202,3201.66
1549897202,3201.66
1549897166,3202.02
1549897151,3195.96
1549897151,3195.96
1549897150,3195.96
1549897150,3195.98
1549897146,3195.96
1549897146,3195.97
1549897146,3196.18
1549897146,3196.21
1549897126,3202.35
1549897100,3196.45
1549897081,3202.64
1549897072,3202.7
1549897068,3196.41
1549897048,3202.72
1549897048,3200.12
1549897035,3200.12
1549897028,3200.12
1549896982,3202.55
1549896982,3202.53
1549896982,3202.5
1549896968,3203.17
1549896961,3203.41
1549896955,3203.5
1549896941,3203.58
1549896901,3203.57
1549896901,3203.57
1549896870,3203.97
1549896817,3204.1
1549896817,3204.1
1549896816,3204.02
1549896816,3202.91
1549896816,3199.52
1549896807,3204.06
1549896807,3202.42
1549896807,3202.39
1549896807,3202.38
1549896807,3202.37
1549896807,3202.36
1549896761,3201.86
1549896761,3202.57
1549896761,3202.57
1549896761,3201.86
1549896761,3201.1
1549896761,3200.16
1549896761,3199.73
1549896754,3199.72
1549896734,3199.52
1549896707,3199.52
1549896676,3199.69
1549896572,3200.14
1549896541,3194.23
1549896539,3196.74
1549896459,3199.73
1549896415,3200.0
1549896412,3200.16
1549896411,3200.0
1549896398,3200.08
1549896386,3200.09
1549896377,3200.14
1549896375,3198.8
1549896371,3197.37
1549896371,3196.74
1549896371,3196.74
1549896363,3196.74
1549896315,3191.52
1549896253,3196.74
1549896229,3191.46
1549896212,3191.46
1549896140,3196.72
1549896136,3196.72
1549896135,3196.72
1549896135,3196.72
1549896043,3196.35
1549896042,3196.35
1549896042,3195.0
1549896041,3194.99
1549895885,3196.64
1549895879,3196.71
1549895875,3196.54
1549895870,3196.54
1549895850,3196.54
1549895825,3196.74
1549895823,3196.74
1549895821,3196.73
1549895802,3196.74
1549895800,3196.73
1549895794,3196.73
1549895774,3196.56
1549895774,3195.71
1549895772,3195.7
1549895733,3196.54
1549895722,3196.01
1549895708,3196.55
1549895707,3196.55
1549895703,3195.94
1549895703,3195.94
1549895703,3195.92
1549895699,3195.71
1549895697,3195.95
1549895685,3195.95
1549895662,3195.95
1549895659,3195.95
1549895633,3196.01
1549895595,3196.04
1549895564,3195.71
1549895555,3194.67
1549895553,3194.69
1549895550,3194.28
1549895544,3194.3
1549895534,3194.28
1549895513,3191.42
1549895461,3196.4
1549895450,3196.99
1549895443,3197.29
1549895436,3193.42
1549895433,3193.42
1549895432,3195.0
1549895403,3198.1
1549895403,3198.1
1549895402,3198.1
1549895402,3197.99
1549895372,3198.68
1549895357,3198.77
1549895317,3193.42
1549895294,3199.09
1549895294,3199.09
1549895271,3195.0
1549895244,3199.93
1549895236,3195.0
1549895236,3195.05
1549895236,3195.35
1549895235,3198.42
1549895235,3200.03
1549895228,3200.03
1549895174,3200.08
1549895123,3200.08
1549895110,3200.01
1549895109,3200.01
1549895073,3200.09
1549895070,3200.09
1549895051,3195.42
1549895042,3195.35
1549895042,3195.37
1549895042,3195.37
1549895018,3200.12
1549895016,3196.05
1549894999,3200.14
1549894994,3200.14
1549894994,3200.16
1549894994,3200.14
1549894981,3200.0
1549894957,3196.0
1549894956,3196.0
1549894952,3201.7
1549894951,3201.7
1549894951,3201.7
1549894951,3201.46
1549894951,3201.45
1549894951,3201.43
1549894951,3201.2
1549894948,3196.0
1549894948,3197.0
1549894941,3201.75
1549894941,3201.73
1549894941,3201.7
1549894936,3196.01
1549894919,3200.0
1549894913,3200.0
1549894912,3200.0
1549894911,3200.0
1549894908,3200.0
1549894903,3200.0
1549894902,3200.0
1549894898,3200.0
1549894897,3200.0
1549894892,3200.0
1549894881,3200.0
1549894880,3200.0
1549894864,3204.24
1549894864,3204.2
1549894863,3203.48
1549894863,3202.55
1549894863,3202.5
1549894863,3202.49
1549894842,3199.77
1549894823,3200.0
1549894823,3200.0
1549894814,3200.0
1549894814,3200.0
1549894814,3200.0
1549894809,3196.0
1549894804,3199.0
1549894802,3198.8
1549894787,3198.8
1549894753,3194.36
1549894752,3193.77
1549894752,3193.77
1549894725,3193.0
1549894715,3196.58
1549894715,3196.52
1549894715,3196.49
1549894715,3196.49
1549894715,3196.49
1549894702,3193.0
1549894691,3193.0
1549894690,3193.0
1549894633,3191.0
1549894632,3191.0
1549894632,3191.0
1549894630,3190.95
1549894630,3190.8
1549894598,3190.76
1549894592,3190.0
1549894514,3190.74
1549894504,3190.76
1549894502,3190.75
1549894461,3190.68
1549894457,3190.68
1549894455,3189.31
1549894454,3189.31
1549894447,3190.68
1549894446,3190.68
1549894446,3190.68
1549894421,3190.56
1549894421,3190.56
1549894421,3190.56
1549894393,3190.85
1549894389,3190.95
1549894351,3186.52
1549894350,3188.89
1549894340,3190.99
1549894329,3190.99
1549894278,3191.0
1549894273,3188.5
1549894271,3190.99
1549894270,3190.99
1549894262,3190.99
1549894232,3190.99
1549894221,3190.5
1549894219,3190.5
1549894217,3187.22
1549894215,3189.99
1549894210,3191.0
1549894182,3191.0
1549894154,3190.5
1549894142,3188.8
1549894119,3191.0
1549894119,3190.0
1549894113,3189.99
1549894113,3189.99
1549894103,3189.6
1549894101,3186.47
1549894101,3187.79
1549894101,3187.8
1549894099,3189.37
1549894089,3189.99
1549894054,3189.99
1549894052,3189.97
1549894029,3189.4
1549894004,3189.5
1549893975,3189.68
1549893971,3189.7
1549893970,3189.7
1549893969,3189.7
1549893916,3189.31
1549893915,3188.8
1549893880,3188.89
1549893835,3189.37
1549893802,3187.0
1549893790,3185.99
1549893786,3185.99
1549893782,3189.2
1549893774,3185.99
1549893768,3183.7
1549893737,3184.4
1549893737,3183.61
1549893735,3187.89
1549893668,3187.79
1549893622,3186.0
1549893622,3185.98
1549893619,3183.8
1549893617,3185.95
1549893615,3182.64
1549893603,3185.95
1549893595,3181.8
1549893591,3181.8
1549893569,3181.6
1549893569,3181.6
1549893543,3185.97
1549893540,3185.97
1549893536,3181.5
1549893524,3180.17
1549893524,3180.17
1549893504,3181.3
1549893477,3179.98
1549893474,3181.2
1549893474,3181.2
1549893449,3181.0
1549893444,3185.0
1549893431,3185.0
1549893430,3185.0
1549893424,3185.0
1549893421,3180.7
1549893415,3185.0
1549893398,3182.2
1549893375,3185.0
1549893374,3185.0
1549893316,3185.99
1549893315,3183.87
1549893306,3180.66
1549893304,3182.4
1549893300,3182.4
1549893297,3182.4
1549893263,3182.2
1549893237,3184.0
1549893237,3184.0
1549893235,3184.7
1549893190,3184.1
1549893138,3184.0
1549893137,3184.0
1549893130,3181.5
1549893106,3183.87
1549893105,3183.87
1549893088,3178.18
1549893087,3178.4
1549893080,3183.85
1549893077,3183.83
1549893075,3183.85
1549893060,3178.4
1549893052,3178.11
1549893032,3178.7
1549893013,3179.5
1549892989,3178.0
1549892954,3183.77
1549892949,3183.83
1549892929,3183.7
1549892888,3181.4
1549892784,3182.57
1549892780,3182.57
1549892655,3183.7
1549892637,3178.97
1549892623,3180.0
1549892602,3184.66
1549892593,3179.0
1549892591,3184.66
1549892557,3178.9
1549892537,3183.01
1549892527,3178.4
1549892495,3178.5
1549892470,3178.5
1549892442,3178.3
1549892414,3178.3
1549892412,3178.0
1549892407,3178.9
1549892381,3178.0
1549892380,3178.3
1549892361,3183.35
1549892345,3178.3
1549892340,3178.0
1549892318,3183.35
1549892316,3178.2
1549892316,3178.2
1549892295,3178.0
1549892290,3178.2
1549892277,3183.41
1549892269,3178.5
1549892269,3178.5
1549892268,3178.5
1549892252,3178.01
1549892245,3179.0
1549892241,3179.0
1549892192,3178.9
1549892191,3178.9
1549892170,3183.71
1549892165,3178.8
1549892164,3178.8
1549892149,3178.02
1549892143,3180.2
1549892137,3180.2
1549892120,3179.5
1549892119,3179.5
1549892115,3179.5
1549892113,3179.5
1549892113,3179.5
1549892112,3179.5
1549892112,3179.5
1549892110,3179.5
1549892065,3183.06
1549892060,3183.04
1549892057,3178.0
1549891965,3178.0
1549891965,3179.0
1549891965,3179.02
1549891947,3180.0
1549891947,3180.0
1549891935,3181.85
1549891880,3184.7
1549891880,3182.5
1549891878,3182.48
1549891875,3180.0
1549891861,3185.3
1549891815,3180.01
1549891805,3185.67
1549891805,3185.66
1549891803,3182.99
1549891802,3183.0
1549891802,3183.0
1549891787,3185.67
1549891784,3183.7
1549891762,3183.6
1549891727,3185.67
1549891721,3183.5
1549891695,3184.2
1549891688,3182.99
1549891648,3179.35
1549891638,3184.0
1549891629,3185.58
1549891604,3179.36
1549891602,3179.18
1549891595,3185.62
1549891515,3184.17
1549891515,3185.96
1549891515,3184.5
1549891513,3184.5
1549891478,3184.5
1549891469,3184.64
1549891456,3189.9
1549891455,3189.9
1549891422,3184.65
1549891403,3190.37
1549891259,3186.0
1549891250,3186.0
1549891246,3186.01
1549891226,3189.75
1549891164,3189.75
1549891164,3189.75
1549891138,3189.82
1549891126,3186.0
1549891125,3186.8
1549891113,3190.42
1549891106,3188.89
1549891104,3190.56
1549891104,3190.54
1549891101,3186.8
1549891100,3186.8
1549891081,3190.65
1549891075,3190.67
1549891056,3187.65
1549891051,3187.65
1549891047,3187.65
1549891042,3187.65
1549891029,3187.66
1549890990,3190.76
1549890985,3190.92
1549890975,3192.79
1549890961,3193.56
1549890961,3193.55
1549890960,3190.0
1549890955,3193.77
1549890943,3190.0
1549890926,3190.0
1549890913,3195.28
1549890913,3195.28
1549890913,3195.28
1549890863,3196.99
1549890844,3198.45
1549890841,3197.0
1549890841,3197.0
1549890828,3196.97
1549890821,3196.99
1549890795,3192.48
1549890793,3195.0
1549890793,3193.22
1549890790,3192.29
1549890790,3192.0
1549890770,3192.0
1549890767,3188.99
1549890765,3188.8
1549890751,3188.18
1549890747,3188.0
1549890747,3187.82
1549890745,3187.82
1549890745,3187.05
1549890744,3187.82
1549890744,3187.0
1549890744,3187.0
1549890739,3187.0
1549890735,3187.0
1549890734,3187.0
1549890718,3187.0
1549890717,3187.0
1549890708,3187.0
1549890708,3187.0
1549890708,3187.0
1549890708,3187.0
1549890708,3186.8
1549890706,3186.8
1549890705,3187.0
1549890698,3186.0
1549890698,3185.8
1549890697,3184.53
1549890687,3184.53
1549890687,3184.0
1549890660,3184.0
1549890636,3184.0
1549890632,3180.65
1549890621,3180.65
1549890589,3184.0
1549890589,3183.58
1549890564,3184.0
1549890516,3183.9
1549890493,3183.79
1549890493,3183.79
1549890473,3179.03
1549890448,3183.95
1549890444,3183.95
1549890422,3179.03
1549890382,3183.56
1549890382,3179.03
1549890381,3179.3
1549890380,3179.3
1549890372,3183.47
1549890352,3183.14
1549890283,3183.47
1549890251,3183.24
1549890169,3183.14
1549890133,3183.14
1549890116,3183.58
1549890067,3183.99
1549890065,3181.0
1549890065,3181.0
1549890065,3181.0
1549890010,3179.01
1549889941,3179.02
1549889938,3179.02
1549889937,3180.0
1549889936,3180.0
1549889922,3180.5
1549889865,3181.0
1549889713,3177.51
1549889703,3183.77
1549889701,3182.71
1549889693,3177.36
1549889686,3182.15
1549889670,3180.5
1549889670,3181.0
1549889670,3181.0
1549889563,3181.0
1549889555,3183.77
1549889552,3183.72
1549889483,3184.48
1549889469,3182.0
1549889441,3181.0
1549889422,3186.88
1549889422,3186.34
1549889422,3186.34
1549889422,3185.99
1549889422,3185.99
1549889422,3185.99
1549889421,3185.99
1549889416,3185.99
1549889401,3181.0
1549889401,3181.13
1549889399,3183.0
1549889327,3184.25
1549889281,3185.99
1549889266,3186.6
1549889265,3184.25
1549889265,3184.25
1549889263,3180.28
1549889260,3184.25
1549889258,3180.25
1549889258,3180.25
1549889247,3184.25
1549889247,3184.25
1549889246,3184.25
1549889243,3184.25
1549889240,3184.25
1549889229,3184.25
1549889228,3184.25
1549889215,3184.25
1549889212,3184.25
1549889149,3184.25
1549889147,3184.24
1549889136,3184.25
1549889136,3182.72
1549889135,3182.72
1549889118,3178.58
1549889116,3182.41
1549889115,3182.41
1549889102,3183.23
1549889064,3182.41
1549889060,3182.41
1549889039,3182.41
1549888988,3182.41
1549888947,3182.41
1549888881,3182.4
1549888881,3182.38
1549888822,3182.38
1549888817,3182.38
1549888815,3182.28
1549888815,3182.28
1549888757,3175.27
1549888757,3176.0
1549888757,3177.0
1549888757,3177.02
1549888757,3177.06
1549888755,3177.77
1549888657,3182.38
1549888656,3182.38
1549888601,3182.39
1549888533,3182.39
1549888514,3182.39
1549888512,3182.39
1549888480,3182.39
1549888445,3182.21
1549888411,3176.43
1549888398,3182.2
1549888389,3182.2
1549888381,3182.2
1549888372,3176.39
1549888334,3179.99
1549888334,3179.58
1549888333,3179.77
1549888317,3179.72
1549888291,3179.0
1549888284,3178.49
1549888282,3178.49
1549888273,3178.6
1549888271,3175.46
1549888266,3178.6
1549888263,3178.6
1549888259,3178.6
1549888258,3175.46
1549888245,3178.89
1549888219,3175.45
1549888217,3178.61
1549888215,3175.45
1549888214,3175.45
1549888208,3178.77
1549888189,3178.93
1549888188,3178.93
1549888184,3179.05
1549888159,3178.92
1549888159,3178.92
1549888155,3178.84
1549888155,3178.84
1549888145,3179.1
1549888145,3182.19
1549888145,3182.19
1549888136,3179.42
1549888106,3179.54
1549888046,3182.25
1549888046,3181.49
1549888045,3175.18
1549888045,3177.3
1549888037,3181.49
1549888036,3181.49
1549888014,3181.49
1549887983,3177.3
1549887983,3177.3
1549887983,3177.3
1549887914,3182.31
1549887857,3182.39
1549887856,3182.39
1549887854,3180.38
1549887767,3177.3
1549887746,3177.09
1549887715,3177.13
1549887710,3182.39
1549887696,3182.39
1549887684,3182.39
1549887674,3182.39
1549887660,3182.39
1549887629,3177.11
1549887594,3176.99
1549887586,3184.13
1549887579,3184.2
1549887576,3184.2
1549887537,3181.68
1549887527,3181.76
1549887494,3182.26
1549887493,3175.55
1549887476,3182.4
1549887442,3183.22
1549887430,3183.54
1549887429,3178.84
1549887424,3178.84
1549887424,3177.39
1549887423,3177.39
1549887404,3177.39
1549887386,3177.39
1549887385,3177.39
1549887360,3177.39
1549887358,3177.39
1549887315,3176.41
1549887312,3183.67
1549887267,3177.37
1549887267,3177.37
1549887263,3175.01
1549887254,3177.37
1549887250,3179.31
1549887215,3177.02
1549887178,3179.31
1549887157,3175.01
1549887146,3179.31
1549887140,3179.31
1549887135,3175.01
1549887135,3179.31
1549887112,3177.02
1549887077,3177.02
1549887074,3179.31
1549887023,3177.02
1549887012,3179.32
1549887011,3179.28
1549887004,3178.84
1549887004,3178.83
1549887004,3177.35
1549887002,3177.35
1549886980,3172.11
1549886968,3172.02
1549886967,3172.06
1549886950,3177.33
1549886926,3177.02
1549886916,3175.28
1549886884,3175.27
1549886843,3168.78
1549886843,3168.78
1549886799,3169.02
1549886770,3175.12
1549886766,3175.2
1549886744,3168.79
1549886716,3168.85
1549886711,3175.66
1549886698,3168.58
1549886696,3170.73
1549886669,3175.74
1549886656,3175.74
1549886650,3175.76
1549886593,3175.86
1549886592,3170.73
1549886529,3176.06
1549886522,3176.04
1549886521,3176.04
1549886503,3170.74
1549886482,3176.11
1549886443,3176.25
1549886413,3170.75
1549886355,3176.83
1549886352,3176.88
1549886351,3176.87
1549886350,3176.87
1549886346,3176.88
1549886311,3170.74
1549886309,3172.0
1549886304,3176.88
1549886298,3172.0
1549886170,3177.21
1549886170,3177.2
1549886160,3177.29
1549886120,3171.24
1549886120,3171.24
1549886111,3177.29
1549886066,3177.29
1549886050,3177.29
1549886050,3176.57
1549886014,3176.57
1549885996,3177.29
1549885995,3177.29
1549885990,3177.29
1549885955,3171.0
1549885955,3171.23
1549885955,3171.26
1549885939,3177.27
1549885912,3170.73
1549885912,3171.88
1549885912,3171.99
1549885912,3174.0
1549885910,3176.92
1549885880,3178.5
1549885811,3178.96
1549885809,3178.99
1549885809,3178.31
1549885809,3178.18
1549885809,3178.0
1549885808,3176.57
1549885807,3176.57
1549885783,3174.85
1549885750,3178.0
1549885722,3176.85
1549885721,3176.85
1549885720,3176.57
1549885720,3176.56
1549885714,3176.56
1549885694,3176.56
1549885690,3176.56
1549885634,3176.57
1549885633,3176.57
1549885625,3171.04
1549885625,3171.04
1549885624,3171.04
1549885616,3176.57
1549885570,3176.57
1549885515,3176.57
1549885483,3176.57
1549885473,3171.04
1549885455,3176.57
1549885454,3176.57
1549885451,3176.57
1549885390,3176.57
1549885383,3176.57
1549885331,3176.56
1549885331,3175.96
1549885273,3170.76
1549885270,3175.93
1549885258,3170.74
1549885256,3170.73
1549885256,3172.82
1549885150,3176.57
1549885149,3176.57
1549885108,3172.82
1549885089,3176.92
1549885083,3176.97
1549885064,3177.03
1549885028,3177.36
1549884974,3177.51
1549884970,3168.0
1549884970,3168.06
1549884970,3168.4
1549884970,3170.0
1549884970,3171.0
1549884970,3171.5
1549884968,3171.53
1549884968,3171.53
1549884904,3178.14
1549884904,3177.41
1549884903,3177.39
1549884890,3177.35
1549884833,3176.75
1549884814,3176.85
1549884795,3177.16
1549884768,3175.96
1549884735,3175.96
1549884733,3170.32
1549884716,3170.32
1549884703,3175.96
1549884657,3170.36
1549884643,3170.25
1549884643,3170.28
1549884643,3170.29
1549884643,3170.29
1549884642,3170.3
1549884642,3170.3
1549884642,3170.3
1549884641,3170.3
1549884641,3170.3
1549884616,3176.39
1549884616,3176.39
1549884612,3176.45
1549884563,3176.47
1549884563,3171.9
1549884555,3170.02
1549884548,3171.9
1549884489,3176.29
1549884466,3169.91
1549884429,3169.84
1549884429,3171.38
1549884429,3171.9
1549884418,3171.9
1549884417,3171.97
1549884416,3171.97
1549884378,3178.02
1549884348,3171.9
1549884315,3177.99
1549884307,3171.9
1549884305,3171.9
1549884305,3171.9
1549884292,3171.92
1549884287,3178.16
1549884275,3172.17
1549884265,3171.89
1549884251,3178.18
1549884250,3178.16
1549884250,3177.43
1549884247,3177.43
1549884244,3177.41
1549884243,3177.41
1549884238,3177.41
1549884190,3177.41
1549884166,3177.39
1549884165,3177.39
1549884161,3177.39
1549884160,3177.41
1549884160,3177.41
1549884149,3172.21
1549884134,3177.43
1549884117,3172.17
1549884116,3172.17
1549884074,3177.43
1549884058,3177.47
1549884056,3172.8
1549884035,3177.53
1549884025,3172.8
1549884012,3177.58
1549884010,3177.58
1549884005,3177.59
1549884004,3177.59
1549883964,3177.85
1549883950,3177.98
1549883932,3172.82
1549883922,3178.18
1549883917,3178.18
1549883850,3178.84
1549883832,3178.88
1549883831,3178.87
1549883830,3178.89
1549883769,3179.06
1549883738,3180.22
1549883737,3180.22
1549883715,3172.46
1549883681,3179.16
1549883649,3177.66
1549883609,3177.97
1549883606,3178.02
1549883602,3178.02
1549883598,3178.02
1549883591,3177.99
1549883590,3178.03
1549883574,3177.39
1549883539,3177.91
1549883535,3170.38
1549883531,3171.4
1549883530,3171.4
1549883530,3171.43
1549883523,3177.93
1549883469,3178.14
1549883449,3178.18
1549883445,3178.12
1549883436,3178.18
1549883426,3177.94
1549883389,3169.68
1549883389,3170.0
1549883389,3170.0
1549883389,3171.64
1549883389,3171.68
1549883389,3172.0
1549883389,3172.02
1549883389,3172.32
1549883387,3174.32
1549883350,3178.2
1549883316,3174.32
1549883316,3174.32
1549883315,3174.32
1549883315,3174.32
1549883275,3178.24
1549883275,3178.23
1549883273,3178.22
1549883265,3172.32
1549883264,3172.33
1549883244,3178.51
1549883221,3172.32
1549883221,3172.33
1549883221,3178.33
1549883185,3178.54
1549883174,3178.7
1549883171,3173.0
1549883170,3173.0
1549883170,3173.0
1549883158,3178.76
1549883158,3178.76
1549883147,3173.0
1549883147,3173.01
1549883111,3172.54
1549883107,3178.77
1549883020,3179.0
1549883005,3181.76
1549883005,3181.75
1549883005,3181.75
1549883005,3181.74
1549883003,3179.06
1549883003,3178.86
1549883001,3172.33
1549883001,3172.33
1549883001,3172.33
1549883001,3172.33
1549883001,3172.33
1549883001,3172.33
1549883001,3172.33
1549883000,3172.33
1549883000,3172.33
1549883000,3172.33
1549883000,3172.33
1549883000,3172.42
1549883000,3172.42
1549883000,3172.42
1549883000,3172.42
1549883000,3172.42
1549882999,3172.42
1549882999,3172.42
1549882999,3172.42
1549882999,3172.42
1549882999,3172.42
1549882999,3172.44
1549882999,3172.44
1549882999,3172.44
1549882999,3172.44
1549882998,3172.42
1549882998,3172.42
1549882998,3172.42
1549882998,3172.42
1549882998,3172.42
1549882997,3181.79
1549882997,3181.79
1549882997,3179.08
1549882997,3179.08
1549882997,3179.08
1549882997,3179.08
1549882996,3179.08
1549882996,3179.08
1549882996,3179.08
1549882996,3179.08
1549882996,3179.08
1549882996,3179.08
1549882996,3179.08
1549882996,3179.08
1549882996,3179.08
1549882995,3178.87
1549882995,3178.87
1549882995,3178.87
1549882995,3178.87
1549882995,3178.87
1549882995,3178.87
1549882994,3178.87
1549882994,3178.87
1549882994,3178.82
1549882994,3178.82
1549882994,3178.82
1549882994,3178.82
1549882993,3178.82
1549882993,3178.82
1549882992,3178.82
1549882895,3172.1
1549882895,3173.99
1549882895,3174.01
1549882892,3180.9
1549882891,3180.9
1549882891,3180.9
1549882883,3174.01
1549882883,3174.01
1549882883,3174.02
1549882882,3174.1
1549882882,3174.1
1549882882,3174.38
1549882870,3174.38
1549882866,3174.47
1549882824,3182.35
1549882813,3182.37
1549882795,3182.35
1549882786,3182.35
1549882717,3175.06
1549882691,3180.6
1549882678,3175.16
1549882671,3174.25
1549882644,3180.53
1549882587,3180.75
1549882585,3180.79
1549882558,3175.16
1549882544,3174.93
1549882542,3175.04
1549882541,3175.03
1549882540,3174.92
1549882450,3182.72
1549882423,3176.17
1549882423,3176.17
1549882423,3176.17
1549882422,3176.17
1549882422,3176.17
1549882422,3176.17
1549882422,3176.18
1549882422,3176.18
1549882422,3176.18
1549882421,3176.18
1549882421,3176.17
1549882421,3176.17
1549882421,3176.17
1549882421,3176.17
1549882421,3176.17
1549882421,3176.17
1549882421,3176.17
1549882420,3176.17
1549882420,3176.17
1549882420,3177.4
1549882420,3177.4
1549882420,3176.16
1549882419,3176.16
1549882419,3176.16
1549882419,3176.16
1549882419,3176.16
1549882419,3176.16
1549882419,3176.16
1549882418,3176.16
1549882418,3176.16
1549882418,3176.8
1549882418,3176.8
1549882418,3176.8
1549882418,3176.16
1549882418,3176.16
1549882417,3176.16
1549882417,3176.81
1549882417,3176.81
1549882417,3176.81
1549882416,3176.8
1549882416,3176.8
1549882416,3176.81
1549882416,3176.81
1549882416,3176.81
1549882382,3182.72
1549882381,3182.72
1549882337,3182.72
1549882335,3180.0
1549882334,3180.0
1549882333,3180.0
1549882215,3180.99
1549882180,3176.73
1549882166,3176.7
1549882165,3176.69
1549882165,3176.69
1549882165,3176.69
1549882164,3176.69
1549882164,3176.69
1549882164,3176.69
1549882164,3182.74
1549882164,3176.69
1549882164,3176.69
1549882164,3176.69
1549882164,3176.69
1549882164,3176.69
1549882163,3176.69
1549882163,3176.69
1549882163,3176.69
1549882163,3176.69
1549882163,3176.69
1549882163,3176.69
1549882163,3176.69
1549882163,3176.69
1549882162,3176.69
1549882162,3176.69
1549882162,3176.69
1549882162,3176.69
1549882162,3176.69
1549882162,3176.69
1549882162,3176.69
1549882161,3176.69
1549882161,3176.69
1549882161,3176.69
1549882161,3176.69
1549882161,3176.7
1549882160,3176.7
1549882160,3176.7
1549882160,3176.69
1549882160,3176.7
1549882160,3176.7
1549882152,3176.72
1549882139,3176.79
1549882115,3182.72
1549882091,3176.6
1549882090,3176.6
1549882090,3176.6
1549882043,3182.72
1549882042,3182.72
1549882023,3182.56
1549882020,3182.58
1549881983,3182.7
1549881983,3182.7
1549881983,3182.7
1549881982,3176.52
1549881982,3180.38
1549881941,3175.06
1549881941,3176.35
1549881941,3176.61
1549881941,3176.8
1549881941,3177.11
1549881941,3177.3
1549881941,3177.34
1549881930,3177.35
1549881929,3177.35
1549881929,3177.35
1549881926,3184.02
1549881926,3184.02
1549881922,3184.11
1549881920,3182.0
1549881917,3182.0
1549881882,3177.34
1549881882,3177.35
1549881876,3177.35
1549881860,3177.35
1549881860,3177.49
1549881860,3177.59
1549881832,3177.37
1549881832,3179.3
1549881805,3179.48
1549881801,3179.38
1549881800,3183.0
1549881784,3186.83
1549881768,3180.38
1549881766,3180.38
1549881759,3186.92
1549881716,3186.95
1549881716,3186.95
1549881715,3186.95
1549881707,3180.38
1549881707,3180.38
1549881707,3180.38
1549881707,3180.38
1549881707,3180.38
1549881707,3180.38
1549881707,3180.38
1549881707,3180.38
1549881707,3180.38
1549881705,3180.38
1549881705,3182.15
1549881705,3182.15
1549881705,3182.15
1549881705,3182.15
1549881704,3182.15
1549881704,3182.15
1549881704,3182.15
1549881704,3182.15
1549881704,3182.15
1549881704,3182.15
1549881703,3182.15
1549881703,3182.15
1549881693,3186.58
1549881693,3186.56
1549881690,3187.0
1549881690,3187.0
1549881690,3186.99
1549881690,3186.78
1549881690,3186.65
1549881690,3186.62
1549881690,3186.6
1549881689,3186.58
1549881638,3186.93
1549881616,3185.33
1549881611,3185.33
1549881610,3185.33
1549881598,3180.38
1549881596,3182.17
1549881592,3184.66
1549881590,3184.68
1549881574,3184.68
1549881549,3184.68
1549881495,3184.06
1549881489,3183.83
1549881451,3177.65
1549881442,3184.84
1549881441,3177.33
1549881441,3180.91
1549881439,3181.0
1549881430,3184.98
1549881429,3184.98
1549881406,3181.0
1549881386,3181.7
1549881386,3182.0
1549881364,3182.0
1549881364,3185.61
1549881363,3185.6
1549881327,3185.62
1549881326,3185.62
1549881313,3185.62
1549881307,3181.0
1549881305,3182.15
1549881287,3185.61
1549881287,3185.61
1549881287,3185.61
1549881276,3181.0
1549881274,3182.35
1549881266,3186.51
1549881266,3186.52
1549881266,3186.52
1549881219,3181.0
1549881219,3181.92
1549881209,3181.92
1549881202,3181.0
1549881202,3186.81
1549881201,3186.81
1549881201,3186.81
1549881201,3186.8
1549881201,3186.72
1549881201,3186.7
1549881197,3181.0
1549881197,3181.22
1549881191,3181.22
1549881188,3181.22
1549881183,3181.22
1549881183,3181.22
1549881183,3183.51
1549881179,3186.96
1549881159,3187.0
1549881159,3186.99
1549881144,3186.99
1549881144,3186.99
1549881144,3186.99
1549881144,3186.97
1549881129,3187.0
1549881127,3186.98
1549881108,3187.0
1549881095,3186.98
1549881084,3187.0
1549881068,3186.98
1549881054,3187.43
1549881024,3187.5
1549881024,3187.66
1549880954,3187.8
1549880951,3187.82
1549880937,3187.75
1549880937,3187.74
1549880889,3181.0
1549880889,3181.14
1549880889,3181.37
1549880889,3182.33
1549880887,3185.2
1549880872,3187.83
1549880861,3187.83
1549880774,3188.18
1549880707,3188.18
1549880707,3188.17
1549880705,3187.0
1549880672,3184.77
1549880666,3183.29
1549880666,3186.59
1549880640,3183.31
1549880638,3187.04
1549880593,3188.17
1549880592,3187.04
1549880592,3188.0
1549880587,3188.18
1549880582,3188.17
1549880582,3188.17
1549880578,3188.17
1549880575,3188.0
1549880566,3188.0
1549880542,3188.17
1549880533,3183.28
1549880533,3185.5
1549880533,3187.74
1549880531,3188.0
1549880530,3188.0
1549880525,3188.0
1549880484,3188.0
1549880475,3188.0
1549880469,3188.0
1549880447,3187.75
1549880441,3187.75
1549880435,3187.75
1549880420,3187.74
1549880400,3185.79
1549880393,3188.0
1549880390,3188.0
1549880390,3188.0
1549880385,3188.0
1549880376,3187.45
1549880368,3186.73
1549880355,3186.73
1549880349,3186.73
1549880347,3185.8
1549880306,3185.79
1549880306,3185.5
1549880293,3185.79
1549880241,3185.5
1549880239,3185.5
1549880221,3185.79
1549880190,3185.5
1549880188,3185.78
1549880184,3185.5
1549880184,3185.46
1549880177,3181.0
1549880174,3185.52
1549880144,3185.52
1549880144,3185.5
1549880117,3181.0
1549880115,3182.0
1549880097,3181.0
1549880096,3181.01
1549880095,3181.01
1549880089,3187.45
1549880089,3187.35
1549880089,3185.47
1549880089,3185.43
1549880087,3185.0
1549880022,3181.01
1549879995,3187.15
1549879995,3187.15
1549879994,3187.03
1549879989,3187.03
1549879976,3187.0
1549879976,3187.0
1549879975,3186.15
1549879975,3186.13
1549879940,3186.15
1549879940,3186.0
1549879939,3185.82
1549879939,3185.74
1549879939,3185.72
1549879939,3185.71
1549879912,3185.71
1549879908,3185.71
1549879874,3185.71
1549879850,3185.0
1549879850,3185.0
1549879849,3184.98
1549879805,3181.01
1549879796,3181.02
1549879760,3181.0
1549879758,3181.01
1549879749,3184.98
1549879672,3184.65
1549879672,3184.65
1549879671,3184.65
1549879631,3184.99
1549879612,3184.99
1549879561,3185.0
1549879551,3184.92
1549879550,3184.92
1549879546,3184.93
1549879521,3184.92
1549879513,3184.92
1549879510,3184.92
1549879505,3184.95
1549879503,3183.37
1549879500,3180.01
1549879500,3180.05
1549879455,3184.97
1549879414,3184.97
1549879389,3184.99
1549879385,3184.99
1549879336,3182.8
1549879336,3182.8
1549879335,3182.99
1549879335,3182.8
1549879332,3182.8
1549879331,3182.8
1549879330,3182.8
1549879302,3182.8
1549879280,3180.01
1549879280,3180.01
1549879280,3180.01
1549879280,3180.01
1549879280,3180.01
1549879280,3180.01
1549879279,3180.01
1549879279,3180.01
1549879270,3180.01
1549879258,3180.01
1549879219,3180.01
1549879217,3180.01
1549879215,3180.0
1549879213,3180.01
1549879213,3180.01
1549879190,3180.44
1549879186,3180.0
1549879186,3180.56
1549879185,3180.56
1549879137,3179.68
1549879131,3179.84
1549879095,3180.22
1549879094,3179.96
1549879041,3178.9
1549879035,3179.77
1549879017,3178.9
1549878948,3179.71
1549878939,3178.9
1549878914,3178.9
1549878913,3179.87
1549878909,3179.7
1549878909,3179.7
1549878849,3178.9
1549878734,3179.95
1549878669,3179.78
1549878660,3178.19
1549878640,3180.46
1549878591,3177.26
1549878533,3177.12
1549878533,3177.14
1549878489,3179.48
1549878481,3177.11
1549878481,3177.14
1549878480,3178.91
1549878437,3179.42
1549878416,3178.37
1549878413,3178.19
1549878388,3178.11
1549878362,3178.77
1549878262,3182.65
1549878261,3182.65
1549878251,3182.65
1549878249,3182.64
1549878221,3177.89
1549878221,3177.91
1549878221,3178.41
1549878219,3178.55
1549878219,3178.55
1549878195,3182.64
1549878178,3182.64
1549878147,3184.47
1549878144,3184.47
1549878143,3179.0
1549878142,3179.0
1549878084,3184.77
1549878079,3178.95
1549878075,3184.79
1549878073,3184.81
1549878054,3178.85
1549878038,3184.95
1549878035,3185.04
1549878033,3181.0
1549878021,3178.81
1549877956,3178.74
1549877955,3178.74
1549877949,3181.0
1549877948,3178.74
1549877901,3178.44
1549877851,3181.0
1549877828,3180.7
1549877820,3180.47
1549877710,3180.47
1549877709,3180.47
1549877680,3177.01
1549877654,3180.47
1549877648,3180.47
1549877639,3177.02
1549877638,3177.02
1549877638,3177.02
1549877636,3177.02
1549877636,3177.02
1549877613,3177.0
1549877613,3177.01
1549877613,3178.0
1549877611,3178.01
1549877601,3180.47
1549877588,3180.47
1549877583,3178.01
1549877546,3180.47
1549877529,3180.47
1549877524,3178.0
1549877500,3180.0
1549877500,3180.0
1549877491,3180.0
1549877470,3180.0
1549877468,3180.0
1549877455,3177.05
1549877454,3177.05
1549877425,3178.9
1549877424,3178.9
1549877419,3178.9
1549877348,3178.9
1549877346,3178.9
1549877303,3178.9
1549877285,3178.9
1549877270,3176.02
1549877270,3176.04
1549877251,3178.9
1549877249,3178.9
1549877236,3178.9
1549877235,3176.04
1549877233,3178.9
1549877225,3176.02
1549877223,3176.71
1549877218,3178.9
1549877202,3178.9
1549877169,3178.9
1549877155,3180.0
1549877153,3175.92
1549877153,3175.92
1549877153,3176.61
1549877153,3176.62
1549877151,3178.02
1549877062,3180.0
1549877014,3180.0
1549876972,3180.0
1549876966,3180.0
1549876964,3179.99
1549876938,3179.99
1549876916,3180.0
1549876911,3179.99
1549876869,3179.99
1549876868,3180.0
1549876857,3178.02
1549876847,3179.99
1549876834,3179.99
1549876797,3179.99
1549876764,3178.02
1549876754,3178.02
1549876749,3179.99
1549876748,3180.0
1549876748,3179.58
1549876741,3179.58
1549876715,3178.02
1549876679,3179.58
1549876661,3179.59
1549876654,3178.02
1549876654,3178.02
1549876653,3178.02
1549876653,3178.02
1549876653,3178.02
1549876653,3178.02
1549876653,3178.02
1549876653,3178.02
1549876653,3178.02
1549876653,3178.02
1549876652,3178.02
1549876652,3178.02
1549876652,3178.02
1549876652,3178.02
1549876652,3178.02
1549876652,3178.02
1549876651,3178.02
1549876651,3178.02
1549876651,3178.02
1549876651,3178.02
1549876651,3178.02
1549876651,3178.02
1549876651,3178.02
1549876651,3178.02
1549876650,3178.02
1549876650,3178.02
1549876650,3178.02
1549876650,3178.02
1549876650,3178.02
1549876650,3178.02
1549876649,3178.02
1549876649,3178.02
1549876649,3178.02
1549876649,3178.02
1549876649,3178.02
1549876649,3178.02
1549876649,3178.02
1549876648,3178.02
1549876648,3178.02
1549876648,3178.02
1549876648,3178.02
1549876648,3178.02
1549876648,3178.02
1549876647,3178.02
1549876637,3174.08
1549876637,3174.08
1549876528,3174.02
1549876523,3179.73
1549876515,3179.81
1549876475,3174.03
1549876450,3179.87
1549876404,3177.77
1549876396,3174.02
1549876394,3175.0
1549876394,3175.0
1549876394,3175.0
1549876394,3175.0
1549876394,3175.0
1549876394,3175.0
1549876393,3175.0
1549876393,3175.0
1549876393,3175.0
1549876393,3175.0
1549876393,3175.0
1549876393,3175.0
1549876393,3175.0
1549876393,3175.0
1549876392,3175.0
1549876392,3175.0
1549876392,3175.0
1549876392,3175.0
1549876392,3175.0
1549876392,3175.0
1549876392,3175.0
1549876377,3177.77
1549876346,3177.77
1549876317,3177.77
1549876316,3173.58
1549876265,3177.77
1549876247,3173.58
1549876231,3173.6
1549876157,3178.62
1549876115,3178.9
1549876043,3179.18
1549876034,3179.31
1549876030,3179.35
1549876028,3179.37
1549876010,3179.62
1549876009,3179.61
1549875994,3173.01
1549875994,3173.25
1549875994,3174.01
1549875992,3174.03
1549875973,3180.33
1549875960,3179.17
1549875960,3179.17
1549875933,3179.16
1549875921,3173.01
1549875900,3173.01
1549875856,3179.19
1549875831,3179.44
1549875828,3179.45
1549875828,3179.45
1549875823,3179.46
1549875808,3179.5
1549875786,3179.95
1549875756,3180.04
1549875754,3173.7
1549875711,3180.19
1549875711,3180.19
1549875672,3180.39
1549875672,3180.39
1549875671,3180.39
1549875645,3180.46
1549875585,3180.47
1549875572,3180.45
1549875489,3180.45
1549875483,3175.31
1549875474,3180.45
1549875463,3175.14
1549875463,3175.15
1549875428,3175.32
1549875423,3175.32
1549875370,3181.62
1549875369,3181.63
1549875364,3180.47
1549875363,3180.47
1549875348,3179.68
1549875325,3179.68
1549875319,3179.68
1549875312,3179.68
1549875311,3179.68
1549875310,3179.68
1549875241,3179.68
1549875241,3174.13
1549875195,3179.68
1549875181,3179.68
1549875179,3179.68
1549875098,3179.58
1549875098,3179.66
1549875088,3179.66
1549875088,3179.65
1549875084,3179.66
1549875084,3179.65
1549875072,3179.59
1549875072,3179.59
1549875037,3179.23
1549875037,3179.23
1549875037,3179.23
1549875033,3174.02
1549875031,3177.76
1549874950,3179.58
1549874941,3177.74
1549874929,3174.01
1549874927,3176.85
1549874920,3179.97
1549874920,3179.97
1549874920,3179.97
1549874920,3179.95
1549874920,3177.77
1549874920,3177.77
1549874889,3180.39
1549874889,3177.77
1549874888,3174.04
1549874888,3177.2
1549874885,3180.4
1549874873,3179.58
1549874871,3177.62
1549874849,3180.75
1549874848,3180.75
1549874768,3180.78
1549874768,3179.61
1549874768,3179.61
1549874758,3179.58
1549874758,3179.56
1549874758,3179.55
1549874757,3177.77
1549874757,3177.75
1549874737,3173.25
1549874732,3177.75
1549874722,3177.75
1549874718,3177.75
1549874714,3177.75
1549874604,3173.0
1549874604,3174.84
1549874602,3175.7
1549874531,3177.77
1549874530,3177.77
1549874529,3177.77
1549874483,3177.77
1549874469,3177.77
1549874353,3177.77
1549874256,3179.23
1549874249,3179.61
1549874234,3179.59
1549874174,3179.43
1549874173,3179.43
1549874166,3174.85
1549874164,3179.14
1549874115,3179.61
1549874091,3173.68
1549874091,3173.92
1549874091,3173.92
1549874091,3174.55
1549874091,3174.57
1549874091,3176.78
1549874091,3177.0
1549874089,3179.48
1549874060,3177.0
1549874059,3179.61
1549874055,3179.61
1549874053,3177.29
1549874049,3177.0
1549874048,3177.04
1549874048,3177.04
1549874048,3177.04
1549874036,3177.29
1549873997,3179.61
1549873968,3179.61
1549873953,3181.04
1549873861,3182.72
1549873859,3180.47
1549873788,3180.47
1549873755,3180.47
1549873737,3178.59
1549873736,3178.59
1549873735,3179.81
1549873725,3182.05
1549873634,3181.93
1549873634,3181.93
1549873631,3179.81
1549873627,3181.93
1549873620,3177.01
1549873618,3179.52
1549873584,3179.06
1549873450,3181.52
1549873442,3181.58
1549873442,3181.58
1549873440,3178.86
1549873428,3178.86
1549873395,3181.27
1549873393,3179.64
1549873335,3177.01
1549873333,3179.61
1549873252,3179.61
1549873206,3179.61
1549873198,3182.42
1549873188,3179.64
1549873155,3182.67
1549873116,3179.64
1549872974,3182.37
1549872958,3182.37
1549872923,3179.99
1549872920,3179.97
1549872876,3175.1
1549872874,3177.96
1549872797,3182.65
1549872797,3182.08
1549872797,3182.07
1549872797,3181.47
1549872797,3180.51
1549872797,3180.0
1549872795,3179.98
1549872676,3179.99
1549872610,3179.69
1549872599,3179.71
1549872598,3179.5
1549872586,3177.97
1549872568,3177.08
1549872544,3177.66
1549872532,3177.0
1549872532,3177.97
1549872515,3177.0
1549872515,3177.12
1549872510,3179.89
1549872477,3179.99
1549872397,3177.0
1549872397,3177.8
1549872386,3177.0
1549872372,3177.97
1549872360,3177.64
1549872264,3177.77
1549872256,3179.42
1549872255,3182.03
1549872255,3182.03
1549872234,3179.59
1549872217,3178.88
1549872212,3179.68
1549872075,3183.35
1549872005,3178.2
1549872005,3178.2
1549871950,3184.45
1549871847,3182.89
1549871825,3182.89
1549871813,3177.57
1549871766,3182.89
1549871711,3183.41
1549871711,3182.9
1549871711,3181.31
1549871666,3181.31
1549871542,3183.63
1549871542,3183.01
1549871542,3182.9
1549871542,3182.9
1549871358,3183.37
1549871358,3183.35
1549871356,3181.32
1549871175,3181.29
1549871174,3181.27
1549871106,3181.31
1549871105,3181.29
1549871055,3181.31
1549871053,3181.29
1549871044,3175.62
1549871040,3175.62
1549871002,3181.27
1549870944,3181.29
1549870923,3181.29
1549870923,3181.29
1549870923,3180.73
1549870815,3181.29
1549870763,3181.31
1549870762,3181.0
1549870762,3180.83
1549870761,3180.81
1549870756,3180.84
1549870756,3180.31
1549870756,3180.0
1549870756,3178.82
1549870756,3178.66
1549870754,3178.6
1549870698,3178.6
1549870694,3178.6
1549870630,3178.6
1549870623,3178.6
1549870568,3175.01
1549870539,3178.59
1549870382,3175.01
1549870368,3178.61
1549870330,3178.59
1549870221,3178.59
1549870211,3178.59
1549870150,3178.61
1549870037,3178.54
1549870030,3178.54
1549869971,3178.59
1549869969,3178.59
1549869914,3178.6
1549869914,3178.6
1549869913,3178.6
1549869902,3178.62
1549869900,3175.07
1549869852,3175.0
1549869772,3178.63
1549869730,3178.63
1549869676,3178.63
1549869657,3175.07
1549869637,3175.07
1549869621,3175.05
1549869613,3178.64
1549869611,3175.05
1549869605,3175.05
1549869506,3178.64
1549869417,3178.64
1549869314,3178.64
1549869254,3175.11
1549869225,3178.64
1549869219,3175.11
1549869148,3178.64
1549869142,3178.64
1549869092,3178.64
1549869070,3178.64
1549868858,3178.64
1549868833,3178.64
1549868801,3175.01
1549868772,3178.64
1549868738,3178.64
1549868705,3175.01
1549868603,3174.01
1549868541,3178.64
1549868236,3172.76
1549868193,3172.76
1549868137,3177.78
1549868054,3177.54
1549868052,3177.07
1549867991,3177.05
1549867875,3172.01
1549867813,3175.34
1549867648,3177.07
1549867633,3172.01
1549867552,3172.01
1549867521,3177.63
1549867463,3177.61
1549867298,3178.31
1549867269,3178.31
1549867227,3172.09
1549867227,3172.5
1549867227,3172.52
1549867226,3172.53
1549867110,3177.39
1549867109,3177.39
1549867108,3177.37
1549866892,3172.1
1549866790,3172.04
1549866790,3172.05
1549866789,3172.06
1549866788,3172.06
1549866759,3172.16
1549866678,3172.22
1549866676,3178.48
1549866676,3176.34
1549866670,3176.34
1549866643,3176.34
1549866615,3171.2
1549866615,3171.2
1549866604,3171.17
1549866604,3171.19
1549866430,3170.42
1549865940,3175.66
1549865938,3174.47
1549865883,3173.77
1549865867,3173.75
1549865715,3173.75
1549865412,3173.12
1549865014,3171.51
1549865014,3171.5
1549864681,3168.91
1549864463,3174.87
1549864270,3174.47
1549864218,3175.08
1549864217,3175.1
1549864213,3175.14
1549864213,3171.83
1549864206,3171.83
1549864206,3171.83
1549864206,3171.83
1549864151,3175.75
1549864124,3171.02
1549864062,3171.02
1549863978,3172.72
1549863842,3171.83
1549863842,3171.85
1549863806,3172.72
1549863792,3177.4
1549863619,3177.39
1549863593,3177.39
1549863442,3175.89
1549863441,3175.88
1549863441,3175.87
1549863427,3169.37
1549863262,3169.37
1549863220,3169.37
1549863220,3169.39
1549863218,3170.58
1549862981,3170.58
1549862965,3170.58
1549862283,3170.57
1549862283,3170.58
1549862281,3170.59
1549861916,3178.82
1549861716,3178.09
1549861574,3178.66
1549861572,3175.5
1549861527,3171.7
1549861527,3171.7
1549861527,3171.71
1549861527,3173.23
1549861525,3173.24
1549861525,3173.24
1549861465,3173.28
1549861465,3173.41
1549861294,3173.45
1549861092,3173.26
1549861092,3173.26
1549860998,3173.79
1549860998,3173.8
1549860996,3173.81
1549860545,3172.29
1549860507,3177.91
1549860231,3179.5
1549860071,3179.38
1549860070,3175.0
1549860034,3175.0
1549859881,3174.9
1549859831,3174.9
1549859809,3174.9
1549859711,3175.0
1549859689,3175.0
1549859685,3175.0
1549859620,3178.09
1549859600,3178.11
1549859508,3178.09
1549858806,3173.86
1549858571,3176.38
1549858540,3171.18
1549858540,3171.2
1549858459,3169.72
1549858459,3169.74
1549858451,3170.13
1549858044,3171.04
1549858026,3173.71
1549857907,3171.05
1549857905,3171.06
1549857776,3169.56
1549857776,3169.56
1549857775,3171.23
1549857765,3172.09
1549857765,3173.69
1549857765,3175.08
1549857765,3175.5
1549857765,3177.15
1549857765,3177.15
1549857735,3181.16
1549857706,3177.15
1549857680,3178.22
1549857472,3180.72
1549857370,3178.22
1549857313,3178.24
1549857110,3181.3
1549856912,3178.24
1549856824,3177.15
1549856822,3177.17
1549856407,3178.22
1549856407,3178.24
1549856407,3179.92
1549856405,3181.08
1549856300,3181.32
1549856144,3181.08
1549856093,3181.08
1549856090,3181.32
1549856088,3181.08
1549856088,3181.08
1549855742,3180.94
1549855706,3181.21
1549855696,3181.29
1549855450,3181.7
1549855053,3180.87
1549855006,3181.24
1549854993,3181.31
1549854851,3181.32
1549854779,3181.4
1549854551,3175.5
1549854551,3175.87
1549854551,3175.88
1549854551,3175.89
1549854551,3175.89
1549854434,3181.35
1549853983,3182.9
1549853867,3182.9
1549853826,3181.1
1549853632,3184.65
1549853325,3181.1
1549853247,3185.68
1549853247,3185.68
1549853247,3185.68
1549853049,3185.8
1549852702,3185.81
1549852653,3181.13
1549852653,3181.13
1549852647,3181.48
1549852471,3185.81
1549852117,3191.09
1549852117,3191.09
1549852117,3190.87
1549852079,3187.7
1549852078,3187.69
1549851950,3187.63
1549851097,3185.87
1549850949,3188.71
1549850295,3185.77
1549850277,3185.9
1549850275,3180.69
1549850053,3179.52
1549850049,3180.69
1549849998,3179.52
1549849865,3180.69
1549849852,3180.69
1549849852,3180.69
1549849804,3180.69
1549849720,3180.65
1549849692,3186.47
1549848849,3173.71
1549848849,3173.87
1549848813,3175.71
1549848813,3177.87
1549848579,3180.82
1549848492,3185.0
1549847946,3177.87
1549847910,3176.5
1549847865,3179.19
1549847771,3184.41
1549847591,3188.41
1549847521,3190.37
1549847224,3179.19
1549847161,3184.1
1549847140,3185.81
1549847140,3185.82
1549846490,3185.82
1549846321,3191.68
1549846312,3185.81
1549846312,3189.05
1549846217,3189.06
1549846184,3189.06
1549845769,3189.05
1549845708,3192.3
1549845708,3192.29
1549845708,3192.24
1549845708,3191.46
1549845708,3188.19
1549845706,3187.63
1549845410,3187.63
1549845408,3189.12
1549845322,3185.97
1549845274,3185.29
1549845148,3186.49
1549845127,3181.41
1549845100,3185.22
1549845085,3181.41
1549845064,3174.17
1549845063,3174.18
1549845062,3174.18
1549845053,3178.27
1549845052,3182.68
1549845051,3182.68
1549845030,3181.07
1549845028,3182.67
1549845028,3185.57
1549845014,3185.57
1549844853,3192.42
1549844853,3192.41
1549844851,3188.19
1549844735,3188.19
1549844728,3182.32
1549844727,3182.32
1549844727,3182.32
1549844705,3181.08
1549844705,3181.08
1549844605,3190.95
1549844567,3191.62
1549844567,3190.08
1549844532,3190.08
1549844530,3185.24
1549844488,3185.24
1549844456,3186.39
1549844442,3194.06
1549844442,3194.06
1549844411,3194.85
1549844409,3194.89
1549844409,3194.89
1549844351,3192.33
1549844242,3185.4
1549844240,3190.82
1549844218,3190.82
1549844199,3185.25
1549844128,3189.06
1549844128,3189.09
1549844089,3190.82
1549844089,3190.82
1549843972,3185.24
1549843970,3185.25
1549843967,3185.33
1549843953,3192.01
1549843945,3193.23
1549843945,3184.46
1549843945,3186.42
1549843943,3186.43
1549843931,3186.57
1549843919,3186.4
1549843905,3184.5
1549843883,3184.07
1549843883,3184.2
1549843882,3184.07
1549843881,3184.19
1549843881,3184.19
1549843881,3185.84
1549843881,3186.82
1549843870,3195.28
1549843869,3190.1
1549843868,3190.09
1549843868,3193.77
1549843868,3193.75
1549843859,3184.02
1549843839,3185.77
1549843838,3185.77
1549843838,3182.58
1549843827,3186.81
1549843825,3194.73
1549843802,3202.41
1549843776,3204.29
1549843771,3204.29
1549843767,3206.03
1549843755,3201.83
1549843755,3201.84
1549843755,3201.81
1549843736,3198.87
1549843736,3199.17
1549843719,3204.98
1549843717,3205.09
1549843717,3205.09
1549843716,3205.09
1549843714,3205.03
1549843714,3204.49
1549843707,3200.72
1549843685,3190.83
1549843677,3197.28
1549843675,3202.88
1549843675,3200.86
1549843675,3200.38
1549843675,3200.37
1549843675,3199.22
1549843675,3199.18
1549843675,3199.16
1549843674,3194.73
1549843674,3194.73
1549843640,3186.73
1549843615,3184.28
1549843614,3184.28
1549843611,3184.27
1549843610,3184.3
1549843608,3184.27
1549843608,3184.27
1549843606,3184.25
1549843606,3185.4
1549843604,3186.74
1549843604,3186.74
1549843602,3186.74
1549843600,3186.73
1549843594,3183.25
1549843593,3180.34
1549843593,3180.29
1549843593,3179.99
1549843593,3179.78
1549843592,3179.78
1549843592,3179.76
1549843589,3179.78
1549843589,3179.78
1549843588,3174.95
1549843587,3176.45
1549843584,3179.85
1549843583,3176.45
1549843582,3176.45
1549843582,3176.45
1549843580,3179.93
1549843579,3169.96
1549843579,3170.0
1549843579,3170.16
1549843579,3175.52
1549843579,3176.71
1549843579,3177.22
1549843577,3180.0
1549843577,3177.38
1549843576,3176.71
1549843576,3176.9
1549843576,3177.37
1549843573,3177.37
1549843571,3179.99
1549843565,3179.81
1549843561,3180.01
1549843559,3178.5
1549843559,3180.01
1549843558,3179.99
1549843558,3180.0
1549843558,3180.0
1549843557,3180.0
1549843557,3180.0
1549843556,3180.01
1549843554,3181.48
1549843553,3181.48
1549843551,3183.52
1549843551,3180.1
1549843550,3183.54
1549843550,3186.42
1549843550,3180.0
1549843550,3181.05
1549843550,3181.79
1549843550,3182.05
1549843549,3183.07
1549843549,3183.52
1549843549,3183.53
1549843549,3183.53
1549843549,3183.53
1549843546,3186.42
1549843543,3192.94
1549843542,3192.95
1549843542,3185.95
1549843541,3182.01
1549843541,3182.01
1549843541,3182.01
1549843541,3182.02
1549843541,3183.4
1549843540,3183.4
1549843540,3192.95
1549843539,3192.97
1549843538,3182.02
1549843538,3185.0
1549843538,3185.22
1549843538,3186.32
1549843538,3186.33
1549843538,3186.87
1549843538,3193.94
1549843536,3194.86
1549843535,3194.97
1549843535,3195.0
1549843535,3195.7
1549843534,3205.28
1549843534,3205.38
1549843534,3205.37
1549843533,3201.5
1549843533,3205.03
1549843532,3205.38
1549843532,3200.01
1549843532,3198.65
1549843532,3199.14
1549843531,3199.14
1549843531,3200.0
1549843530,3201.2
1549843530,3202.53
1549843529,3202.39
1549843528,3206.81
1549843528,3202.53
1549843528,3202.52
1549843527,3209.15
1549843526,3202.39
1549843526,3202.52
1549843526,3202.52
1549843525,3207.1
1549843524,3210.82
1549843524,3210.79
1549843524,3210.82
1549843524,3212.14
1549843523,3210.82
1549843523,3212.15
1549843523,3210.82
1549843523,3210.83
1549843522,3210.83
1549843522,3210.82
1549843522,3211.64
1549843522,3212.13
1549843521,3212.14
1549843520,3212.13
1549843520,3213.13
1549843518,3216.32
1549843511,3218.52
1549843490,3219.82
1549843454,3224.66
1549843453,3224.66
1549843439,3224.64
1549843335,3221.4
1549843333,3224.35
1549843215,3228.12
1549843203,3228.12
1549843153,3224.5
1549843043,3224.35
1549843042,3223.65
1549842988,3218.99
1549842988,3219.05
1549842988,3221.12
1549842961,3223.24
1549842958,3223.24
1549842954,3221.09
1549842823,3226.68
1549842821,3225.31
1549842792,3224.85
1549842766,3224.83
1549842617,3217.83
1549842615,3221.65
1549842614,3223.88
1549842492,3223.65
1549842492,3223.65
1549842476,3217.81
1549842476,3220.63
1549842308,3221.65
1549842305,3223.25
1549842132,3220.65
1549842128,3220.65
1549842119,3224.16
1549842119,3224.16
1549842119,3224.17
1549842119,3224.17
1549842119,3224.17
1549842119,3224.17
1549842118,3224.17
1549842061,3222.2
1549842059,3222.21
1549841949,3227.41
1549841875,3220.91
1549841778,3224.66
1549841732,3221.79
1549841679,3220.63
1549841678,3220.63
1549841665,3216.91
1549841665,3217.0
1549841664,3217.0
1549841661,3217.0
1549841648,3217.0
1549841608,3224.3
1549841594,3224.85
1549841559,3218.55
1549841559,3218.56
1549841527,3225.55
1549841499,3217.88
1549841499,3217.88
1549841442,3228.24
1549841442,3225.32
1549841432,3227.77
1549841405,3219.76
1549841404,3223.2
1549841404,3222.52
1549841402,3219.75
1549841356,3216.92
1549841351,3222.51
1549841350,3222.51
1549841349,3220.14
1549841332,3216.91
1549841320,3216.92
1549841308,3216.44
1549841306,3222.21
1549841296,3219.02
1549841287,3223.38
1549841285,3230.84
1549841285,3230.89
1549841285,3230.85
1549841285,3230.84
1549841285,3230.84
1549841284,3230.83
1549841284,3230.09
1549841284,3230.09
1549841283,3224.11
1549841278,3230.0
1549841278,3230.97
1549841278,3230.96
1549841261,3224.17
1549841261,3224.18
1549841259,3226.71
1549841255,3227.24
1549841255,3227.24
1549841254,3227.24
1549841254,3226.72
1549841254,3225.11
1549841254,3225.0
1549841254,3224.99
1549841254,3224.09
1549841253,3224.06
1549841252,3222.75
1549841252,3222.75
1549841251,3222.34
1549841251,3222.0
1549841251,3221.5
1549841251,3220.0
1549841250,3220.0
1549841250,3220.0
1549841250,3219.02
1549841249,3219.02
1549841248,3219.01
1549841247,3219.82
1549841247,3219.81
1549841247,3219.99
1549841246,3219.81
1549841245,3218.58
1549841245,3218.58
1549841245,3218.58
1549841244,3218.58
1549841244,3220.0
1549841243,3220.0
1549841243,3219.45
1549841242,3219.98
1549841242,3219.75
1549841242,3218.27
1549841241,3216.91
1549841241,3216.77
1549841240,3216.34
1549841240,3216.13
1549841240,3215.0
1549841240,3215.0
1549841240,3212.66
1549841236,3211.76
1549841236,3211.56
1549841236,3211.33
1549841235,3211.0
1549841230,3210.0
1549841229,3210.0
1549841229,3210.0
1549841229,3210.0
1549841229,3210.0
1549841229,3209.99
1549841229,3209.85
1549841172,3207.43
1549841105,3201.77
1549841093,3207.41
1549841070,3201.76
1549841070,3202.67
1549841067,3207.77
1549841060,3201.77
1549841054,3201.77
1549841043,3207.99
1549841041,3207.93
1549841025,3208.01
1549841025,3208.01
1549841025,3207.59
1549841025,3207.57
1549841000,3203.62
1549840993,3205.91
1549840977,3209.43
1549840974,3205.91
1549840961,3205.92
1549840945,3209.98
1549840945,3209.96
1549840945,3209.93
1549840944,3209.91
1549840943,3209.91
1549840943,3209.34
1549840943,3209.34
1549840942,3209.34
1549840941,3209.33
1549840932,3209.75
1549840931,3209.99
1549840931,3209.99
1549840931,3209.34
1549840930,3209.99
1549840930,3209.99
1549840930,3209.99
1549840929,3209.99
1549840929,3209.34
1549840929,3209.34
1549840928,3209.99
1549840928,3209.99
1549840924,3209.99
1549840924,3209.99
1549840923,3209.99
1549840923,3209.99
1549840922,3209.34
1549840922,3209.34
1549840919,3209.99
1549840919,3207.33
1549840918,3209.99
1549840918,3209.99
1549840916,3208.26
1549840916,3208.26
1549840916,3208.26
1549840915,3209.99
1549840915,3209.99
1549840915,3209.99
1549840914,3208.26
1549840914,3208.26
1549840914,3208.26
1549840912,3209.99
1549840912,3208.26
1549840911,3208.26
1549840910,3207.3
1549840909,3209.99
1549840909,3207.3
1549840908,3209.99
1549840908,3208.26
1549840907,3209.99
1549840907,3209.99
1549840907,3209.99
1549840907,3209.54
1549840907,3208.23
1549840907,3207.46
1549840907,3207.3
1549840907,3207.3
1549840905,3207.3
1549840905,3207.29
1549840904,3207.29
1549840904,3205.92
1549840901,3205.91
1549840899,3201.97
1549840898,3205.92
1549840893,3205.92
1549840891,3206.1
1549840891,3203.62
1549840884,3203.62
1549840884,3203.62
1549840812,3203.62
1549840793,3201.94
1549840773,3203.62
1549840773,3203.0
1549840770,3201.94
1549840750,3203.62
1549840647,3199.99
1549840634,3199.99
1549840634,3199.99
1549840630,3199.99
1549840626,3199.99
1549840622,3199.99
1549840620,3199.99
1549840616,3199.99
1549840598,3199.99
1549840569,3199.99
1549840536,3199.99
1549840515,3199.99
1549840511,3198.32
1549840506,3199.99
1549840441,3199.99
1549840394,3198.32
1549840390,3199.99
1549840389,3199.99
1549840385,3199.99
1549840352,3199.99
1549840342,3199.99
1549840331,3199.99
1549840300,3199.99
1549840245,3199.99
1549840229,3199.99
1549840220,3199.99
1549840152,3196.05
1549840151,3196.07
1549840151,3196.07
1549840150,3196.07
1549840150,3196.07
1549840090,3199.99
1549840016,3199.99
1549839965,3199.99
1549839955,3196.11
1549839953,3196.12
1549839953,3196.12
1549839936,3199.99
1549839898,3196.16
1549839898,3196.27
1549839897,3196.27
1549839897,3196.27
1549839896,3196.27
1549839846,3203.8
1549839724,3206.19
1549839559,3203.0
1549839557,3198.78
1549839505,3206.97
1549839504,3206.96
1549839504,3206.23
1549839504,3206.21
1549839481,3206.0
1549839481,3205.98
1549839478,3206.24
1549839478,3206.24
1549839478,3206.24
1549839478,3206.24
1549839478,3206.24
1549839477,3206.22
1549839477,3204.39
1549839460,3206.97
1549839460,3206.49
1549839460,3206.0
1549839460,3206.0
1549839460,3205.86
1549839460,3205.84
1549839453,3205.45
1549839453,3205.43
1549839446,3205.5
1549839446,3204.0
1549839435,3204.0
1549839435,3202.17
1549839433,3202.17
1549839431,3202.17
1549839431,3201.6
1549839314,3197.02
1549839312,3201.6
1549839311,3201.6
1549839254,3201.6
1549839247,3201.6
1549839179,3201.6
1549839177,3201.58
1549839172,3201.58
1549839155,3201.58
1549839078,3196.46
1549839077,3196.46
1549839075,3196.46
1549839070,3201.6
1549839070,3200.97
1549839013,3200.95
1549839005,3196.41
1549839005,3196.41
1549839000,3196.39
1549838936,3196.29
1549838930,3200.47
1549838926,3200.47
1549838921,3196.25
1549838774,3196.09
1549838635,3202.17
1549838588,3202.19
1549838528,3202.19
1549838473,3200.5
1549838409,3199.66
1549838399,3196.42
1549838348,3199.72
1549838336,3196.08
1549838302,3199.85
1549838285,3196.53
1549838283,3198.96
1549838258,3199.87
1549838070,3196.42
1549838058,3201.42
1549838058,3198.96
1549838029,3196.57
1549838028,3196.57
1549837986,3198.96
1549837985,3197.25
1549837985,3197.25
1549837985,3197.25
1549837984,3198.38
1549837983,3198.38
1549837952,3202.04
1549837952,3202.04
1549837937,3202.09
1549837928,3203.06
1549837928,3202.8
1549837927,3202.06
1549837870,3203.06
1549837869,3203.06
1549837865,3203.06
1549837844,3203.06
1549837842,3201.46
1549837842,3201.46
1549837831,3203.06
1549837819,3203.08
1549837818,3200.49
1549837818,3200.84
1549837816,3205.03
1549837815,3205.03
1549837815,3200.46
1549837812,3202.09
1549837811,3202.09
1549837811,3200.97
1549837809,3200.0
1549837808,3200.0
1549837808,3200.0
1549837804,3200.0
1549837804,3200.0
1549837804,3200.0
1549837804,3200.0
1549837804,3200.0
1549837802,3199.99
1549837802,3199.99
1549837802,3199.99
1549837801,3199.99
1549837800,3199.99
1549837799,3199.99
1549837798,3199.99
1549837796,3199.99
1549837796,3199.98
1549837796,3199.99
1549837796,3199.99
1549837795,3199.99
1549837795,3199.99
1549837795,3199.99
1549837795,3199.99
1549837794,3199.99
1549837794,3199.03
1549837793,3199.99
1549837793,3199.99
1549837792,3199.99
1549837792,3199.03
1549837792,3199.03
1549837792,3199.99
1549837791,3199.99
1549837791,3199.99
1549837790,3199.02
1549837789,3199.02
1549837789,3199.98
1549837789,3199.99
1549837788,3199.99
1549837787,3199.0
1549837787,3199.99
1549837786,3199.99
1549837786,3199.98
1549837786,3199.0
1549837786,3199.0
1549837786,3198.99
1549837785,3198.99
1549837784,3199.0
1549837784,3199.0
1549837775,3198.97
1549837772,3198.99
1549837772,3198.99
1549837772,3198.99
1549837771,3198.99
1549837771,3198.99
1549837771,3198.99
1549837771,3198.99
1549837771,3197.78
1549837771,3197.78
1549837771,3197.78
1549837770,3197.78
1549837768,3198.97
1549837768,3198.99
1549837768,3198.97
1549837768,3198.97
1549837767,3196.96
1549837766,3196.96
1549837765,3196.94
1549837764,3194.99
1549837764,3196.93
1549837764,3196.93
1549837763,3196.94
1549837763,3198.87
1549837763,3196.94
1549837763,3196.94
1549837763,3194.97
1549837762,3196.93
1549837759,3196.94
1549837759,3197.67
1549837758,3197.66
1549837758,3197.67
1549837758,3197.67
1549837758,3197.67
1549837758,3197.67
1549837757,3197.67
1549837757,3197.67
1549837757,3197.67
1549837757,3197.63
1549837756,3196.52
1549837756,3195.0
1549837756,3195.0
1549837755,3194.95
1549837755,3194.95
1549837755,3194.95
1549837754,3194.97
1549837754,3190.83
1549837754,3190.83
1549837752,3190.83
1549837747,3190.83
1549837747,3190.83
1549837747,3190.83
1549837747,3190.83
1549837746,3190.83
1549837746,3190.83
1549837746,3190.83
1549837746,3190.83
1549837746,3190.83
1549837746,3190.83
1549837746,3190.83
1549837746,3190.83
1549837745,3190.83
1549837745,3190.83
1549837745,3190.83
1549837745,3190.83
1549837745,3190.83
1549837743,3190.83
1549837743,3190.83
1549837742,3190.83
1549837741,3190.83
1549837740,3190.83
1549837737,3190.83
1549837735,3190.83
1549837730,3190.83
1549837730,3190.83
1549837729,3188.25
1549837716,3188.22
1549837716,3190.83
1549837714,3190.83
1549837702,3190.83
1549837696,3190.83
1549837633,3190.83
1549837632,3190.83
1549837631,3190.83
1549837629,3190.83
1549837623,3190.83
1549837597,3188.17
1549837586,3190.83
1549837586,3190.83
1549837586,3190.83
1549837586,3190.83
1549837586,3190.83
1549837585,3190.83
1549837526,3187.34
1549837526,3187.34
1549837526,3187.34
1549837454,3190.83
1549837444,3190.83
1549837442,3190.83
1549837442,3188.82
1549837416,3186.43
1549837368,3186.4
1549837362,3186.4
1549837361,3186.4
1549837350,3186.38
1549837342,3186.34
1549837334,3186.34
1549837328,3190.83
1549837317,3190.83
1549837305,3186.32
1549837227,3186.32
1549837225,3188.8
1549837209,3190.83
1549837148,3190.83
1549836982,3190.83
1549836912,3190.83
1549836897,3194.63
1549836896,3192.9
1549836896,3192.62
1549836896,3191.95
1549836894,3190.0
1549836788,3190.0
1549836739,3186.45
1549836721,3185.91
1549836670,3185.33
1549836651,3189.99
1549836627,3185.22
1549836625,3185.23
1549836614,3185.01
1549836607,3189.99
1549836597,3189.99
1549836594,3189.99
1549836593,3184.93
1549836593,3184.93
1549836588,3189.99
1549836578,3184.81
1549836528,3182.91
1549836527,3184.31
1549836527,3185.21
1549836527,3185.5
1549836495,3189.99
1549836490,3190.0
1549836489,3185.5
1549836488,3185.5
1549836476,3190.0
1549836429,3190.0
1549836369,3190.0
1549836326,3190.0
1549836323,3185.93
1549836310,3190.0
1549836309,3185.51
1549836307,3185.53
1549836304,3185.51
1549836303,3186.08
1549836302,3186.08
1549836302,3186.08
1549836296,3186.3
1549836255,3190.0
1549836255,3189.69
1549836255,3189.69
1549836255,3189.67
1549836253,3189.5
1549836189,3189.67
1549836131,3189.67
1549835846,3188.93
1549835832,3189.65
1549835832,3189.65
1549835763,3189.79
1549835714,3188.93
1549835712,3186.94
1549835667,3185.22
1549835513,3186.94
1549835411,3186.94
1549835174,3182.56
1549835172,3189.07
1549835172,3189.07
1549835172,3189.07
1549835115,3182.12
1549835115,3182.12
1549835113,3189.15
1549835113,3189.31
1549835098,3189.63
1549835098,3188.56
1549835098,3188.29
1549835098,3188.27
1549835096,3182.0
1549835055,3182.0
1549835049,3182.0
1549834994,3182.0
1549834990,3182.0
1549834989,3182.0
1549834935,3182.0
1549834933,3181.07
1549834932,3181.07
1549834885,3182.15
1549834883,3182.15
1549834869,3182.15
1549834863,3182.15
1549834810,3182.15
1549834778,3182.15
1549834688,3182.15
1549834681,3182.15
1549834681,3182.15
1549834573,3188.24
1549834536,3188.78
1549834534,3185.0
1549834534,3182.19
1549834489,3182.2
1549834488,3182.2
1549834403,3181.32
1549834328,3185.0
1549834269,3185.0
1549834259,3181.34
1549834259,3181.35
1549834259,3181.67
1549834257,3181.7
1549834257,3181.7
1549834103,3188.79
1549834091,3188.48
1549834090,3188.48
1549834089,3185.0
1549833970,3185.0
1549833970,3184.98
1549833969,3184.98
1549833912,3185.0
1549833902,3185.0
1549833844,3181.67
1549833759,3182.51
1549833711,3188.54
1549833683,3188.33
1549833683,3188.43
1549833683,3188.35
1549833682,3188.35
1549833682,3185.66
1549833682,3185.66
1549833679,3188.48
1549833679,3188.48
1549833678,3188.47
1549833678,3185.66
1549833597,3188.54
1549833553,3188.7
1549833542,3188.47
1549833438,3182.45
1549833312,3188.79
1549833212,3188.82
1549833130,3188.82
1549833130,3183.65
1549832923,3188.82
1549832894,3188.81
1549832893,3188.81
1549832889,3188.81
1549832830,3188.82
1549832828,3188.81
1549832811,3183.65
1549832810,3183.65
1549832810,3183.65
1549832771,3188.79
1549832721,3188.1
1549832719,3182.65
1549832715,3182.65
1549832713,3182.65
1549832713,3182.65
1549832712,3182.65
1549832711,3182.65
1549832692,3181.52
1549832691,3181.52
1549832691,3181.52
1549832690,3182.65
1549832661,3182.65
1549832649,3182.65
1549832616,3181.22
1549832614,3181.23
1549832614,3181.23
1549832574,3181.07
1549832571,3182.65
1549832554,3182.65
1549832531,3182.65
1549832530,3182.65
1549832513,3180.72
1549832472,3182.65
1549832456,3180.49
1549832440,3180.47
1549832439,3180.47
1549832428,3180.8
1549832420,3182.65
1549832408,3188.04
1549832328,3182.64
1549832275,3182.63
1549832264,3182.61
1549832211,3188.31
1549832148,3188.31
1549832112,3188.06
1549831958,3187.45
1549831931,3187.88
1549831931,3187.85
1549831879,3186.37
1549831874,3180.17
1549831835,3185.0
1549831828,3187.71
1549831825,3185.0
1549831815,3185.0
1549831812,3185.0
1549831778,3185.0
1549831770,3185.0
1549831753,3188.68
1549831752,3188.68
1549831721,3189.07
1549831703,3189.37
1549831702,3186.0
1549831633,3186.0
1549831619,3185.0
1549831522,3187.27
1549831511,3185.0
1549831499,3186.0
1549831498,3186.0
1549831455,3185.0
1549831454,3187.34
1549831453,3187.33
1549831452,3186.0
1549831334,3186.0
1549831293,3185.0
1549831205,3185.0
1549831143,3186.0
1549831141,3186.0
1549831093,3186.0
1549831036,3186.0
1549831028,3186.0
1549831027,3185.0
1549831014,3186.0
1549830898,3188.31
1549830837,3188.29
1549830826,3188.29
1549830769,3188.29
1549830732,3188.29
1549830723,3185.0
1549830708,3188.29
1549830698,3185.0
1549830672,3188.32
1549830671,3185.0
1549830465,3188.4
1549830464,3185.0
1549830437,3185.0
1549830324,3188.48
1549830323,3185.0
1549830309,3188.5
1549830305,3185.0
1549830298,3188.5
1549830291,3188.77
1549830289,3185.0
1549830283,3185.0
1549830197,3185.0
1549830195,3185.01
1549830188,3188.79
1549830162,3189.05
1549830162,3189.05
1549830162,3189.05
1549830133,3189.4
1549830074,3189.4
1549830074,3189.4
1549830061,3189.4
1549829926,3189.69
1549829895,3185.02
1549829779,3189.69
1549829774,3189.59
1549829755,3189.59
1549829705,3185.01
1549829638,3185.0
1549829636,3185.01
1549829593,3189.42
1549829576,3189.46
1549829541,3189.67
1549829539,3189.67
1549829530,3185.01
1549829476,3189.67
1549829473,3189.67
1549829409,3189.67
1549829380,3185.0
1549829239,3185.66
1549829182,3185.01
1549829169,3189.28
1549829134,3189.58
1549829130,3189.7
1549829054,3189.98
1549829022,3190.06
1549829003,3190.17
1549829003,3190.15
1549828982,3190.17
1549828906,3190.79
1549828881,3190.79
1549828839,3191.02
1549828831,3189.7
1549828826,3191.02
1549828801,3191.02
1549828659,3191.48
1549828633,3191.77
1549828551,3190.83
1549828546,3190.84
1549828544,3189.7
1549828520,3189.68
1549828514,3184.24
1549828514,3184.24
1549828330,3182.65
1549828328,3182.63
1549828269,3188.45
1549828200,3188.45
1549828193,3182.55
1549828193,3182.57
1549828134,3181.61
1549828134,3181.62
1549828134,3181.62
1549828090,3182.8
1549828053,3188.54
1549828032,3188.77
1549828002,3188.78
1549827992,3188.79
1549827975,3188.81
1549827973,3188.81
1549827913,3189.43
1549827855,3189.02
1549827853,3187.0
1549827809,3186.99
1549827809,3186.99
1549827734,3186.99
1549827730,3186.99
1549827729,3186.99
1549827726,3186.99
1549827691,3182.85
1549827687,3181.89
1549827593,3181.89
1549827592,3181.9
1549827591,3181.9
1549827588,3182.85
1549827554,3186.99
1549827434,3182.85
1549827368,3182.04
1549827368,3182.81
1549827368,3182.82
1549827368,3182.84
1549827366,3187.0
1549827366,3187.0
1549827250,3189.67
1549827219,3187.0
1549827191,3189.67
1549827131,3189.67
1549827130,3189.67
1549827069,3189.67
1549827045,3189.67
1549827022,3187.0
1549827020,3187.01
1549827013,3189.67
1549826949,3192.08
1549826930,3192.26
1549826897,3192.38
1549826895,3189.71
1549826790,3192.46
1549826769,3192.5
1549826769,3188.0
1549826762,3186.17
1549826761,3187.88
1549826710,3188.0
1549826675,3188.0
1549826672,3188.0
1549826650,3188.0
1549826625,3188.0
1549826608,3188.0
1549826595,3188.0
1549826589,3188.0
1549826578,3188.0
1549826543,3191.89
1549826543,3191.89
1549826533,3191.99
1549826531,3189.71
1549826531,3189.71
1549826505,3189.5
1549826497,3189.52
1549826415,3189.64
1549826351,3189.7
1549826349,3184.67
1549826349,3189.7
1549826297,3189.7
1549826231,3189.71
1549826169,3191.95
1549826119,3189.71
1549826113,3192.58
1549826112,3192.6
1549826112,3189.71
1549826105,3189.71
1549826092,3189.71
1549825979,3189.71
1549825943,3189.71
1549825874,3192.89
1549825785,3192.33
1549825771,3186.29
1549825771,3188.67
1549825769,3190.31
1549825752,3192.29
1549825679,3191.72
1549825644,3185.79
1549825634,3191.78
1549825632,3188.08
1549825621,3185.75
1549825591,3191.92
1549825589,3191.91
1549825561,3185.75
1549825517,3192.06
1549825513,3192.08
1549825512,3192.08
1549825511,3192.08
1549825511,3192.08
1549825510,3192.08
1549825510,3188.0
1549825498,3185.46
1549825498,3185.52
1549825498,3187.99
1549825496,3188.08
1549825475,3192.08
1549825453,3192.12
1549825352,3192.62
1549825257,3192.87
1549825216,3192.87
1549825215,3192.85
1549825214,3192.85
1549825195,3192.43
1549825193,3192.41
1549825184,3192.42
1549825184,3192.4
1549825163,3188.01
1549825142,3192.47
1549825032,3192.63
1549824995,3188.01
1549824967,3192.7
1549824965,3192.68
1549824945,3192.67
1549824938,3192.62
1549824912,3192.71
1549824909,3192.71
1549824852,3192.87
1549824815,3191.77
1549824793,3188.01
1549824685,3191.92
1549824620,3190.43
1549824620,3188.0
1549824548,3192.37
1549824542,3192.67
1549824542,3192.46
1549824542,3190.1
1549824540,3188.0
1549824540,3188.0
1549824430,3188.0
1549824429,3188.0
1549824314,3188.0
1549824260,3188.0
1549824107,3187.99
1549824046,3187.99
1549824010,3188.0
1549823991,3183.2
1549823990,3183.25
1549823969,3187.98
1549823963,3183.14
1549823954,3187.98
1549823894,3187.98
1549823893,3187.98
1549823889,3187.98
1549823883,3187.98
1549823791,3181.6
1549823777,3188.43
1549823777,3188.98
1549823765,3189.0
1549823637,3192.89
1549823627,3188.43
1549823621,3189.23
1549823589,3192.89
1549823587,3192.89
1549823569,3187.4
1549823567,3192.9
1549823567,3190.14
1549823565,3190.0
1549823562,3186.95
1549823561,3186.95
1549823561,3186.95
1549823547,3186.53
1549823545,3190.0
1549823529,3190.0
1549823497,3184.44
1549823469,3190.0
1549823418,3190.0
1549823417,3190.0
1549823415,3190.0
1549823414,3190.0
1549823413,3189.99
1549823412,3189.99
1549823411,3189.99
1549823376,3186.0
1549823376,3186.98
1549823374,3188.14
1549823359,3190.0
1549823359,3189.71
1549823359,3189.71
1549823359,3189.63
1549823359,3189.62
1549823356,3186.98
1549823356,3187.97
1549823353,3187.97
1549823352,3189.62
1549823200,3189.71
1549823188,3189.71
1549823164,3189.71
1549823161,3187.97
1549823063,3186.16
1549823031,3189.63
1549822992,3189.7
1549822992,3189.7
1549822990,3189.7
1549822945,3189.7
1549822940,3189.7
1549822919,3189.63
1549822894,3189.63
1549822842,3188.88
1549822841,3188.88
1549822819,3188.88
1549822818,3188.88
1549822800,3189.63
1549822800,3189.0
1549822798,3188.0
1549822798,3188.0
1549822785,3188.0
1549822755,3188.0
1549822751,3188.0
1549822751,3187.99
1549822750,3187.99
1549822725,3187.99
1549822713,3187.99
1549822692,3187.99
1549822691,3187.99
1549822690,3187.99
1549822625,3186.53
1549822570,3186.53
1549822570,3186.53
1549822560,3184.46
1549822541,3184.46
1549822520,3186.53
1549822449,3186.52
1549822433,3186.53
1549822365,3184.64
1549822336,3186.53
1549822301,3186.53
1549822272,3186.53
1549822272,3186.53
1549822271,3186.53
1549822259,3186.53
1549822257,3185.55
1549822211,3186.53
1549822167,3186.53
1549822150,3186.53
1549822127,3186.52
1549822105,3183.46
1549822091,3186.53
1549822090,3186.53
1549822025,3186.52
1549821960,3186.52
1549821849,3186.52
1549821748,3186.53
1549821731,3186.53
1549821730,3186.53
1549821670,3186.53
1549821648,3186.53
1549821615,3186.53
1549821614,3186.53
1549821613,3186.53
1549821605,3186.53
1549821584,3186.53
1549821491,3186.53
1549821490,3186.53
1549821431,3186.47
1549821430,3186.47
1549821312,3186.2
1549821311,3186.22
1549821307,3181.27
1549821305,3183.0
1549821252,3186.99
1549821251,3186.99
1549821251,3185.0
1549821239,3185.0
1549821236,3181.34
1549821151,3186.99
1549821132,3186.99
1549821131,3186.99
1549821130,3182.55
1549821121,3182.04
1549821117,3182.55
1549821084,3182.08
1549821084,3182.08
1549821070,3186.99
1549821011,3186.99
1549820964,3182.55
1549820963,3182.55
1549820963,3182.55
1549820952,3187.0
1549820951,3187.0
1549820902,3187.0
1549820869,3182.46
1549820868,3182.46
1549820857,3187.0
1549820814,3187.0
1549820800,3187.0
1549820776,3187.0
1549820773,3187.0
1549820735,3183.79
1549820718,3187.99
1549820705,3183.74
1549820705,3183.75
1549820705,3183.76
1549820703,3187.99
1549820534,3188.0
1549820473,3188.0
1549820470,3188.0
1549820445,3188.0
1549820430,3188.0
1549820411,3188.0
1549820350,3188.0
1549820349,3183.54
1549820281,3188.0
1549820229,3188.0
1549820222,3188.0
1549820174,3183.21
1549820170,3187.99
1549820164,3187.99
1549820118,3183.96
1549820116,3184.48
1549820116,3184.48
1549819991,3188.0
1549819990,3188.0
1549819985,3182.67
1549819971,3182.67
1549819961,3187.99
1549819934,3187.99
1549819931,3187.97
1549819930,3187.97
1549819930,3183.09
1549819895,3187.99
1549819885,3187.99
1549819874,3181.93
1549819869,3187.99
1549819856,3187.99
1549819820,3187.9
1549819758,3187.99
1549819753,3187.99
1549819753,3187.99
1549819753,3187.99
1549819752,3187.99
1549819741,3187.99
1549819704,3183.09
1549819650,3187.99
1549819632,3187.99
1549819631,3187.99
1549819608,3187.99
1549819550,3187.99
1549819522,3188.0
1549819512,3187.99
1549819511,3187.99
1549819484,3187.97
1549819450,3187.99
1549819429,3187.97
1549819429,3187.97
1549819374,3182.92
1549819368,3182.92
1549819330,3188.0
1549819272,3188.0
1549819271,3188.0
1549819268,3188.0
1549819263,3182.42
1549819262,3182.42
1549819211,3188.0
1549819209,3188.0
1549819207,3188.0
1549819152,3182.06
1549819151,3182.06
1549819151,3182.06
1549819150,3188.0
1549819149,3188.0
1549819031,3188.0
1549819028,3188.0
1549819012,3188.61
1549819011,3188.61
1549818981,3188.73
1549818976,3188.71
1549818970,3188.76
1549818964,3188.35
1549818946,3188.49
1549818872,3180.55
1549818871,3188.72
1549818839,3188.75
1549818833,3188.6
1549818833,3188.6
1549818742,3189.61
1549818694,3183.98
1549818646,3189.71
1549818635,3190.13
1549818575,3190.13
1549818545,3190.13
1549818493,3189.71
1549818484,3189.71
1549818469,3189.71
1549818443,3184.97
1549818389,3184.56
1549818388,3184.59
1549818362,3189.71
1549818361,3189.71
1549818319,3189.71
1549818314,3189.69
1549818312,3189.68
1549818305,3183.53
1549818305,3183.53
1549818304,3189.69
1549818304,3189.69
1549818303,3189.69
1549818302,3189.71
1549818301,3189.71
1549818301,3189.7
1549818250,3187.74
1549818248,3187.76
1549818248,3187.76
1549818248,3188.18
1549818244,3194.73
1549818045,3190.14
1549818045,3193.06
1549818031,3196.22
1549818015,3189.88
1549818008,3196.8
1549818005,3189.82
1549817948,3198.84
1549817948,3198.84
1549817940,3193.0
1549817934,3193.06
1549817918,3198.94
1549817918,3198.93
1549817918,3198.91
1549817918,3198.86
1549817893,3197.7
1549817893,3197.0
1549817893,3197.0
1549817865,3196.99
1549817770,3196.7
1549817710,3196.79
1549817696,3196.87
1549817696,3196.87
1549817694,3193.69
1549817687,3189.81
1549817683,3190.39
1549817683,3190.39
1549817683,3190.39
1549817653,3193.69
1549817640,3193.69
1549817638,3191.65
1549817589,3193.68
1549817589,3192.16
1549817527,3188.47
1549817525,3190.51
1549817481,3190.01
1549817473,3196.33
1549817471,3192.66
1549817450,3196.93
1549817450,3189.99
1549817425,3190.33
1549817402,3196.99
1549817390,3196.99
1549817388,3196.99
1549817348,3197.0
1549817345,3196.0
1549817338,3190.0
1549817338,3189.99
1549817337,3189.99
1549817335,3189.99
1549817334,3189.99
1549817334,3189.99
1549817333,3189.99
1549817333,3189.99
1549817327,3189.99
1549817322,3189.99
1549817321,3189.99
1549817319,3189.99
1549817314,3189.99
1549817310,3189.99
1549817309,3189.99
1549817303,3186.96
1549817291,3189.99
1549817276,3189.99
1549817182,3185.39
1549817173,3189.99
1549817159,3189.99
1549817145,3189.98
1549817113,3189.99
1549817113,3189.99
1549817112,3189.99
1549817080,3189.99
1549817078,3189.99
1549816926,3189.97
1549816926,3186.17
1549816924,3184.74
1549816915,3183.98
1549816903,3183.79
1549816823,3184.74
1549816814,3184.74
1549816787,3184.74
1549816786,3184.74
1549816786,3184.74
1549816758,3189.98
1549816757,3189.98
1549816757,3189.99
1549816757,3189.99
1549816756,3189.99
1549816756,3189.99
1549816756,3188.88
1549816755,3189.99
1549816755,3188.89
1549816754,3188.87
1549816754,3188.87
1549816752,3188.87
1549816695,3188.88
1549816694,3188.88
1549816694,3188.88
1549816694,3188.88
1549816690,3188.87
1549816688,3183.71
1549816658,3188.87
1549816658,3186.94
1549816657,3186.94
1549816641,3179.99
1549816641,3179.99
1549816640,3179.99
1549816640,3179.99
1549816640,3179.99
1549816640,3179.99
1549816640,3179.99
1549816639,3179.99
1549816639,3179.99
1549816638,3179.99
1549816633,3179.99
1549816631,3179.99
1549816628,3179.99
1549816628,3179.99
1549816628,3179.99
1549816628,3179.99
1549816627,3179.99
1549816623,3179.99
1549816623,3179.99
1549816620,3179.99
1549816619,3179.99
1549816619,3179.99
1549816608,3179.99
1549816598,3179.99
1549816598,3179.99
1549816572,3179.99
1549816571,3179.99
1549816570,3179.99
1549816554,3179.99
1549816544,3179.99
1549816541,3179.99
1549816511,3179.99
1549816508,3179.99
1549816505,3179.82
1549816505,3179.82
1549816479,3179.99
1549816454,3179.99
1549816449,3179.99
1549816449,3179.99
1549816448,3179.99
1549816448,3179.99
1549816447,3180.04
1549816447,3180.05
1549816447,3180.07
1549816437,3186.17
1549816407,3186.17
1549816390,3186.16
1549816330,3186.53
1549816328,3180.87
1549816294,3179.88
1549816190,3180.87
1549816097,3186.91
1549816092,3186.93
1549816092,3186.93
1549816017,3188.88
1549816017,3188.88
1549816008,3188.87
1549815991,3188.88
1549815974,3188.88
1549815959,3188.88
1549815918,3188.88
1549815911,3188.87
1549815890,3188.87
1549815889,3188.89
1549815889,3185.0
1549815887,3184.71
1549815806,3184.71
1549815793,3181.44
1549815780,3184.71
1549815730,3184.71
1549815721,3181.0
1549815678,3178.9
1549815610,3184.68
1549815536,3181.04
1549815516,3180.99
1549815515,3184.02
1549815432,3184.6
1549815421,3184.64
1549815405,3184.02
1549815377,3184.31
1549815375,3182.31
1549815356,3180.51
1549815355,3180.51
1549815355,3180.51
1549815313,3182.27
1549815311,3180.13
1549815295,3180.12
1549815230,3180.03
1549815142,3180.03
1549815114,3180.03
1549815104,3180.03
1549814900,3173.52
1549814876,3173.49
1549814841,3179.0
1549814783,3174.49
1549814781,3174.5
1549814781,3174.5
1549814724,3180.1
1549814700,3174.49
1549814643,3180.04
1549814617,3180.1
1549814617,3180.1
1549814616,3180.06
1549814592,3180.06
1549814474,3182.27
1549814445,3180.85
1549814443,3180.13
1549814290,3176.52
1549814249,3180.54
1549814235,3180.54
1549814206,3180.54
1549814167,3181.0
1549814160,3181.0
1549814160,3181.0
1549814160,3180.95
1549814160,3180.13
1549814159,3180.12
1549814153,3180.12
1549813817,3180.13
1549813811,3180.13
1549813688,3180.7
1549813688,3178.79
1549813464,3180.95
1549813450,3181.0
1549813450,3181.0
1549813450,3180.98
1549813449,3180.98
1549813449,3179.77
1549813447,3179.77
1549813447,3178.75
1549813387,3178.75
